State,Year,Month,Avg_rainfall
Andaman & Nicobar,2019,1,0.0
Andaman & Nicobar,2019,2,0.0
Andaman & Nicobar,2019,3,0.0
Andaman & Nicobar,2019,4,0.0
Andaman & Nicobar,2019,5,11.199040074010751
Andaman & Nicobar,2019,6,0.0
Andaman & Nicobar,2019,7,0.0
Andaman & Nicobar,2019,8,0.0
Andaman & Nicobar,2019,9,0.0
Andaman & Nicobar,2019,10,0.0
Andaman & Nicobar,2019,11,0.0
Andaman & Nicobar,2019,12,0.0
Andaman & Nicobar,2020,1,0.0
Andaman & Nicobar,2020,2,0.0
Andaman & Nicobar,2020,3,0.0
Andaman & Nicobar,2020,4,0.0
Andaman & Nicobar,2020,5,0.0
Andaman & Nicobar,2020,6,0.0
Andaman & Nicobar,2020,7,0.0
Andaman & Nicobar,2020,8,0.0
Andaman & Nicobar,2020,9,0.0
Andaman & Nicobar,2020,10,0.0
Andaman & Nicobar,2020,11,0.0
Andaman & Nicobar,2020,12,0.0
Andaman & Nicobar,2021,1,0.0
Andaman & Nicobar,2021,2,0.0
Andaman & Nicobar,2021,3,0.0
Andaman & Nicobar,2021,4,0.0
Andaman & Nicobar,2021,5,0.0
Andaman & Nicobar,2021,6,0.0
Andaman & Nicobar,2021,7,0.0
Andaman & Nicobar,2021,8,0.0
Andaman & Nicobar,2021,9,0.0
Andaman & Nicobar,2021,10,0.0
Andaman & Nicobar,2021,11,0.0
Andaman & Nicobar,2021,12,0.0
Andaman & Nicobar,2022,1,0.0
Andaman & Nicobar,2022,2,0.0
Andaman & Nicobar,2022,3,0.0
Andaman & Nicobar,2022,4,0.0
Andaman & Nicobar,2022,5,0.0
Andaman & Nicobar,2022,6,0.0
Andaman & Nicobar,2022,7,0.0
Andaman & Nicobar,2022,8,0.0
Andaman & Nicobar,2022,9,0.0
Andaman & Nicobar,2022,10,0.0
Andaman & Nicobar,2022,11,0.0
Andaman & Nicobar,2022,12,0.0
Andaman & Nicobar,2023,1,0.0
Andaman & Nicobar,2023,2,0.0
Andaman & Nicobar,2023,3,0.0
Andaman & Nicobar,2023,4,0.0
Andaman & Nicobar,2023,5,0.0
Andaman & Nicobar,2023,6,0.0
Andaman & Nicobar,2023,7,0.0
Andaman & Nicobar,2023,8,0.0
Andaman & Nicobar,2023,9,0.0
Andaman & Nicobar,2023,10,0.0
Andaman & Nicobar,2023,11,0.0
Andaman & Nicobar,2023,12,0.0
Andhra Pradesh,2019,1,0.32545532710173697
Andhra Pradesh,2019,2,0.0507090165989011
Andhra Pradesh,2019,3,0.18259655742928038
Andhra Pradesh,2019,4,0.5584640248179487
Andhra Pradesh,2019,5,2.2675964988957817
Andhra Pradesh,2019,6,1.9874887725666668
Andhra Pradesh,2019,7,4.6731778922655085
Andhra Pradesh,2019,8,5.232081686481389
Andhra Pradesh,2019,9,7.963820128133333
Andhra Pradesh,2019,10,7.600257156096774
Andhra Pradesh,2019,11,0.6891334264102563
Andhra Pradesh,2019,12,0.9771746873697271
Andhra Pradesh,2020,1,0.44715682019602976
Andhra Pradesh,2020,2,0.3672993335490716
Andhra Pradesh,2020,3,0.7617230719330025
Andhra Pradesh,2020,4,1.5431000277307692
Andhra Pradesh,2020,5,3.357517639565757
Andhra Pradesh,2020,6,4.117321630630769
Andhra Pradesh,2020,7,7.024025958248139
Andhra Pradesh,2020,8,0.3055523247667494
Andhra Pradesh,2020,9,0.2979354778974359
Andhra Pradesh,2020,10,0.6709676533746898
Andhra Pradesh,2020,11,0.4090712002025641
Andhra Pradesh,2020,12,0.3265008024466501
Andhra Pradesh,2021,1,0.49349458695781634
Andhra Pradesh,2021,2,0.23856749720054943
Andhra Pradesh,2021,3,0.016884565588089328
Andhra Pradesh,2021,4,1.746099604174359
Andhra Pradesh,2021,5,2.2355352494416874
Andhra Pradesh,2021,6,3.0417508401051285
Andhra Pradesh,2021,7,6.795249599543424
Andhra Pradesh,2021,8,4.900670411047146
Andhra Pradesh,2021,9,7.090732282641026
Andhra Pradesh,2021,10,3.8043628466277912
Andhra Pradesh,2021,11,8.869449323446155
Andhra Pradesh,2021,12,0.6907157797369727
Andhra Pradesh,2022,1,0.41772009697347484
Andhra Pradesh,2022,2,0.025229428777472526
Andhra Pradesh,2022,3,0.154828801955335
Andhra Pradesh,2022,4,0.20965876973846154
Andhra Pradesh,2022,5,3.4431471362952855
Andhra Pradesh,2022,6,3.7473321896794873
Andhra Pradesh,2022,7,5.863070660122015
Andhra Pradesh,2022,8,5.747911144671712
Andhra Pradesh,2022,9,5.687523039370941
Andhra Pradesh,2022,10,6.100482495832967
Andhra Pradesh,2022,11,2.312988289702367
Andhra Pradesh,2022,12,1.9105253798563187
Andhra Pradesh,2023,1,0.03092377947282051
Andhra Pradesh,2023,2,0.00579101174017094
Andhra Pradesh,2023,3,1.7912046475899999
Andhra Pradesh,2023,4,1.1907956380523077
Andhra Pradesh,2023,5,2.9453165153205956
Andhra Pradesh,2023,6,2.2678896513571796
Andhra Pradesh,2023,7,5.365136945470569
Andhra Pradesh,2023,8,2.6017541073518613
Andhra Pradesh,2023,9,5.591972839877435
Andhra Pradesh,2023,10,0.4970150715625418
Andhra Pradesh,2023,11,1.6775773910125642
Andhra Pradesh,2023,12,1.9681485739807694
Arunachal Pradesh,2019,1,0.4040494341122581
Arunachal Pradesh,2019,2,3.1754166469371428
Arunachal Pradesh,2019,3,3.649981598944516
Arunachal Pradesh,2019,4,4.316191554456
Arunachal Pradesh,2019,5,7.697385362230968
Arunachal Pradesh,2019,6,11.656083037558666
Arunachal Pradesh,2019,7,22.45160335296
Arunachal Pradesh,2019,8,5.580164726059355
Arunachal Pradesh,2019,9,12.054697381081334
Arunachal Pradesh,2019,10,3.899412356468387
Arunachal Pradesh,2019,11,0.6017002188333334
Arunachal Pradesh,2019,12,0.4237964894503226
Arunachal Pradesh,2020,1,1.9755226833109678
Arunachal Pradesh,2020,2,1.1717174575862068
Arunachal Pradesh,2020,3,1.5391761230309677
Arunachal Pradesh,2020,4,5.544310795193333
Arunachal Pradesh,2020,5,6.277631156894193
Arunachal Pradesh,2020,6,18.090861586258665
Arunachal Pradesh,2020,7,17.335938534147097
Arunachal Pradesh,2020,8,1.9242478866619355
Arunachal Pradesh,2020,9,1.2154985498546667
Arunachal Pradesh,2020,10,1.232750882843871
Arunachal Pradesh,2020,11,2.149399438332
Arunachal Pradesh,2020,12,1.1801089088606451
Arunachal Pradesh,2021,1,0.6777348940929033
Arunachal Pradesh,2021,2,0.33614510607142856
Arunachal Pradesh,2021,3,2.704461583025806
Arunachal Pradesh,2021,4,3.4802387859933335
Arunachal Pradesh,2021,5,9.577995970265807
Arunachal Pradesh,2021,6,13.054155620398667
Arunachal Pradesh,2021,7,9.149828579247743
Arunachal Pradesh,2021,8,15.715691362329032
Arunachal Pradesh,2021,9,4.496755177290667
Arunachal Pradesh,2021,10,3.531242884843871
Arunachal Pradesh,2021,11,0.4177986143453334
Arunachal Pradesh,2021,12,0.4518134845870968
Arunachal Pradesh,2022,1,1.3156192596124139
Arunachal Pradesh,2022,2,2.8093371490314287
Arunachal Pradesh,2022,3,2.5895161705406453
Arunachal Pradesh,2022,4,15.626936708749867
Arunachal Pradesh,2022,5,11.95897856309187
Arunachal Pradesh,2022,6,10.914571558444
Arunachal Pradesh,2022,7,9.745903539800276
Arunachal Pradesh,2022,8,8.090042619201677
Arunachal Pradesh,2022,9,6.631232872263408
Arunachal Pradesh,2022,10,4.634115275594715
Arunachal Pradesh,2022,11,0.2750142554461538
Arunachal Pradesh,2022,12,0.2757685093974286
Arunachal Pradesh,2023,1,1.1247596370265334
Arunachal Pradesh,2023,2,2.306101737660741
Arunachal Pradesh,2023,3,2.0367547399259998
Arunachal Pradesh,2023,4,3.245773259663733
Arunachal Pradesh,2023,5,3.158017046121419
Arunachal Pradesh,2023,6,12.9795366684384
Arunachal Pradesh,2023,7,13.710401981271653
Arunachal Pradesh,2023,8,7.172435344616001
Arunachal Pradesh,2023,9,2.5177456193481333
Arunachal Pradesh,2023,10,1.6051892624036521
Arunachal Pradesh,2023,11,0.6494117430833333
Arunachal Pradesh,2023,12,0.41703974942800004
Assam,2019,1,0.13379110919648096
Assam,2019,2,1.1847985379707793
Assam,2019,3,1.7930629900938417
Assam,2019,4,5.8851470898747476
Assam,2019,5,12.72756906252395
Assam,2019,6,10.717523578951516
Assam,2019,7,17.76791372136657
Assam,2019,8,6.746180858142718
Assam,2019,9,9.73495923151111
Assam,2019,10,4.623058846549365
Assam,2019,11,0.38349363770202016
Assam,2019,12,0.09934259554447702
Assam,2020,1,0.6827587422512218
Assam,2020,2,0.6659539676896551
Assam,2020,3,1.0400955957517106
Assam,2020,4,4.591232974196969
Assam,2020,5,13.370267414133918
Assam,2020,6,17.15502590689293
Assam,2020,7,13.878546770822092
Assam,2020,8,0.47340624909481915
Assam,2020,9,0.9094007066656565
Assam,2020,10,0.4301951691270772
Assam,2020,11,0.6909688274838384
Assam,2020,12,0.8179437292649071
Assam,2021,1,0.3823685155650049
Assam,2021,2,0.10844668969372294
Assam,2021,3,1.2582131906304985
Assam,2021,4,4.97232156150101
Assam,2021,5,7.624615764064516
Assam,2021,6,13.542559652562627
Assam,2021,7,10.047327841958944
Assam,2021,8,9.984992187210166
Assam,2021,9,5.647632473364647
Assam,2021,10,3.553582273268817
Assam,2021,11,0.14656154815656566
Assam,2021,12,0.3789676471251222
Assam,2022,1,1.7789181701442005
Assam,2022,2,1.9602847803430736
Assam,2022,3,1.2513961568856304
Assam,2022,4,10.712427114731819
Assam,2022,5,12.73584444676999
Assam,2022,6,22.443479619435355
Assam,2022,7,9.566825679621108
Assam,2022,8,8.661257544952981
Assam,2022,9,6.96087068064422
Assam,2022,10,7.7376882846209964
Assam,2022,11,0.02633805813939394
Assam,2022,12,0.11703402669567099
Assam,2023,1,0.02828673036828283
Assam,2023,2,0.7331329820473624
Assam,2023,3,2.969605535421515
Assam,2023,4,4.11641149085101
Assam,2023,5,4.373837014199805
Assam,2023,6,17.994527254734447
Assam,2023,7,12.2373362107361
Assam,2023,8,10.297504526122678
Assam,2023,9,5.705515139292828
Assam,2023,10,2.386952935329249
Assam,2023,11,0.8150242097116162
Assam,2023,12,0.005390095062121213
Bihar,2019,1,0.1285499449651264
Bihar,2019,2,0.9451609131848455
Bihar,2019,3,0.10080879506538797
Bihar,2019,4,1.5084735713108108
Bihar,2019,5,0.818555930540747
Bihar,2019,6,3.298756944538739
Bihar,2019,7,13.987181490432432
Bihar,2019,8,4.306200023385353
Bihar,2019,9,13.365238866346846
Bihar,2019,10,0.9643103411996512
Bihar,2019,11,0.0007066208981981983
Bihar,2019,12,0.43955819925196166
Bihar,2020,1,0.28404189522755013
Bihar,2020,2,0.8943615029794968
Bihar,2020,3,1.9510610330203733
Bihar,2020,4,1.9778281237018016
Bihar,2020,5,3.101843465580645
Bihar,2020,6,10.668500888181981
Bihar,2020,7,12.979922405401917
Bihar,2020,8,0.22562440996512642
Bihar,2020,9,0.8764742160585586
Bihar,2020,10,1.451132430598954
Bihar,2020,11,0.2750712871927928
Bihar,2020,12,0.8476601509302529
Bihar,2021,1,0.012911704898132427
Bihar,2021,2,0.021843017792293234
Bihar,2021,3,0.04990515607470288
Bihar,2021,4,0.5090389356377193
Bihar,2021,5,8.543388456131579
Bihar,2021,6,11.19739681390614
Bihar,2021,7,8.510580673994058
Bihar,2021,8,10.643583159565365
Bihar,2021,9,3.654380372979825
Bihar,2021,10,6.427334706606112
Bihar,2021,11,0.01303231560614035
Bihar,2021,12,0.3504367661273345
Bihar,2022,1,1.1297878808965516
Bihar,2022,2,1.0135618829097746
Bihar,2022,3,0.014703753389388795
Bihar,2022,4,0.45918655890263155
Bihar,2022,5,2.944547734865365
Bihar,2022,6,5.894620242733334
Bihar,2022,7,4.202180305939292
Bihar,2022,8,7.349642088297284
Bihar,2022,9,7.567377210032066
Bihar,2022,10,2.7134759505260337
Bihar,2022,11,0.00018984525303643724
Bihar,2022,12,0.006612374204417294
Bihar,2023,1,0.002400528009385965
Bihar,2023,2,0.01919384833693957
Bihar,2023,3,0.6604579373103509
Bihar,2023,4,0.5502495484736842
Bihar,2023,5,1.102155030390662
Bihar,2023,6,3.354934413220811
Bihar,2023,7,7.202594308186016
Bihar,2023,8,9.631097541101019
Bihar,2023,9,6.478903878047368
Bihar,2023,10,1.1552667721385583
Bihar,2023,11,0.012211079085175438
Bihar,2023,12,0.26556628448947367
Chandigarh,2019,1,0.634037683
Chandigarh,2019,2,2.0647079506785717
Chandigarh,2019,3,0.8362219632903226
Chandigarh,2019,4,1.1733699479333335
Chandigarh,2019,5,2.013518605483871
Chandigarh,2019,6,0.7348779618333333
Chandigarh,2019,7,9.59470631548387
Chandigarh,2019,8,7.8902851583225795
Chandigarh,2019,9,4.936324127633333
Chandigarh,2019,10,0.0035411390967741937
Chandigarh,2019,11,1.0614897858333334
Chandigarh,2019,12,1.0356988983870967
Chandigarh,2020,1,1.695567669516129
Chandigarh,2020,2,0.28596560196551724
Chandigarh,2020,3,8.827819757161292
Chandigarh,2020,4,0.9674934208333333
Chandigarh,2020,5,3.8123119466451616
Chandigarh,2020,6,3.2892810012666667
Chandigarh,2020,7,6.180797884903226
Chandigarh,2020,8,1.695567669516129
Chandigarh,2020,9,0.4246469239666667
Chandigarh,2020,10,2.511104616645161
Chandigarh,2020,11,1.7520865918333333
Chandigarh,2020,12,0.40039948016129034
Chandigarh,2021,1,0.3387096774193548
Chandigarh,2021,2,0.5964285714285714
Chandigarh,2021,3,0.24516129032258063
Chandigarh,2021,4,1.0679154404333333
Chandigarh,2021,5,1.9741935483870967
Chandigarh,2021,6,3.4433333333333334
Chandigarh,2021,7,6.412903225806452
Chandigarh,2021,8,6.319354838709677
Chandigarh,2021,9,6.126666666666666
Chandigarh,2021,10,1.6419354838709679
Chandigarh,2021,11,0.0033333333333333335
Chandigarh,2021,12,0.04516129032258064
Chandigarh,2022,1,13.816000737482758
Chandigarh,2022,2,1.342857142857143
Chandigarh,2022,3,0.0009350636129032258
Chandigarh,2022,4,0.013333333333333332
Chandigarh,2022,5,1.067741935483871
Chandigarh,2022,6,1.3349
Chandigarh,2022,7,14.906896551724138
Chandigarh,2022,8,3.5589398685935487
Chandigarh,2022,9,7.140740740740741
Chandigarh,2022,10,0.5061785714285715
Chandigarh,2022,11,0.00023076923076923076
Chandigarh,2022,12,0.0
Chandigarh,2023,1,0.6684
Chandigarh,2023,2,0.0017407407407407408
Chandigarh,2023,3,1.9550666666666667
Chandigarh,2023,4,0.9084
Chandigarh,2023,5,3.3289999999999997
Chandigarh,2023,6,5.546666666666667
Chandigarh,2023,7,31.243478260869566
Chandigarh,2023,8,4.551903225806452
Chandigarh,2023,9,1.0282333333333333
Chandigarh,2023,10,0.8209130434782609
Chandigarh,2023,11,0.49363333333333337
Chandigarh,2023,12,13.7865
Chhattisgarh,2019,1,0.4400955467263626
Chhattisgarh,2019,2,0.48062355786576355
Chhattisgarh,2019,3,0.48016627161735265
Chhattisgarh,2019,4,0.4623351540643678
Chhattisgarh,2019,5,1.6801924868951612
Chhattisgarh,2019,6,4.3704524775827585
Chhattisgarh,2019,7,11.332490512674083
Chhattisgarh,2019,8,12.678955806973304
Chhattisgarh,2019,9,11.55376519473908
Chhattisgarh,2019,10,3.0976315875595106
Chhattisgarh,2019,11,0.02252080704597701
Chhattisgarh,2019,12,0.15390818927586206
Chhattisgarh,2020,1,1.0449542055016685
Chhattisgarh,2020,2,1.5351594335112961
Chhattisgarh,2020,3,3.104211607702765
Chhattisgarh,2020,4,1.1107905828643678
Chhattisgarh,2020,5,4.3539949275011525
Chhattisgarh,2020,6,9.386142087112644
Chhattisgarh,2020,7,8.678732678500555
Chhattisgarh,2020,8,0.4530068134771969
Chhattisgarh,2020,9,1.6580471500011496
Chhattisgarh,2020,10,2.21532552894327
Chhattisgarh,2020,11,0.5387739616160919
Chhattisgarh,2020,12,1.5315112613348163
Chhattisgarh,2021,1,0.08620405139976958
Chhattisgarh,2021,2,0.3946285766645408
Chhattisgarh,2021,3,0.18548983860714285
Chhattisgarh,2021,4,1.3597522531726192
Chhattisgarh,2021,5,2.7463221718859447
Chhattisgarh,2021,6,8.23645390182262
Chhattisgarh,2021,7,10.174250192358295
Chhattisgarh,2021,8,6.779534997957374
Chhattisgarh,2021,9,9.962706157470237
Chhattisgarh,2021,10,1.3538334665529954
Chhattisgarh,2021,11,0.7669202973488095
Chhattisgarh,2021,12,1.015024790361751
Chhattisgarh,2022,1,2.094756293554187
Chhattisgarh,2022,2,0.40351980346045924
Chhattisgarh,2022,3,0.09718975276785714
Chhattisgarh,2022,4,0.3370105655142857
Chhattisgarh,2022,5,0.862108853279493
Chhattisgarh,2022,6,5.03145729657619
Chhattisgarh,2022,7,14.322088896221674
Chhattisgarh,2022,8,14.6409724576856
Chhattisgarh,2022,9,6.169379670994312
Chhattisgarh,2022,10,2.476054539689413
Chhattisgarh,2022,11,0.010936440273076923
Chhattisgarh,2022,12,0.06742049883443878
Chhattisgarh,2023,1,0.006580567495476191
Chhattisgarh,2023,2,0.0026840795990740744
Chhattisgarh,2023,3,1.2033054381482142
Chhattisgarh,2023,4,1.5720275236702381
Chhattisgarh,2023,5,1.231330364452189
Chhattisgarh,2023,6,5.468945433724
Chhattisgarh,2023,7,10.279240063219856
Chhattisgarh,2023,8,7.0630501756078345
Chhattisgarh,2023,9,10.528254987715357
Chhattisgarh,2023,10,0.1822692312226708
Chhattisgarh,2023,11,0.16663184893154762
Chhattisgarh,2023,12,0.06313027114107143
Dadra & Nagar Haveli,2019,1,0.0
Dadra & Nagar Haveli,2019,2,0.0
Dadra & Nagar Haveli,2019,3,0.0
Dadra & Nagar Haveli,2019,4,0.0
Dadra & Nagar Haveli,2019,5,0.0
Dadra & Nagar Haveli,2019,6,11.596376151933333
Dadra & Nagar Haveli,2019,7,47.79909124012903
Dadra & Nagar Haveli,2019,8,33.28016662812904
Dadra & Nagar Haveli,2019,9,26.509667454
Dadra & Nagar Haveli,2019,10,3.7259058393548385
Dadra & Nagar Haveli,2019,11,1.4203942544666668
Dadra & Nagar Haveli,2019,12,0.0
Dadra & Nagar Haveli,2020,1,0.0
Dadra & Nagar Haveli,2020,2,0.0
Dadra & Nagar Haveli,2020,3,0.0
Dadra & Nagar Haveli,2020,4,0.0
Dadra & Nagar Haveli,2020,5,0.016954747612903227
Dadra & Nagar Haveli,2020,6,9.273478464266667
Dadra & Nagar Haveli,2020,7,13.244594114709678
Dadra & Nagar Haveli,2020,8,0.0
Dadra & Nagar Haveli,2020,9,0.0
Dadra & Nagar Haveli,2020,10,0.0
Dadra & Nagar Haveli,2020,11,0.0
Dadra & Nagar Haveli,2020,12,0.0
Dadra & Nagar Haveli,2021,1,0.08962194470967741
Dadra & Nagar Haveli,2021,2,0.009550996321428572
Dadra & Nagar Haveli,2021,3,0.0
Dadra & Nagar Haveli,2021,4,0.0998040538
Dadra & Nagar Haveli,2021,5,4.097893357451613
Dadra & Nagar Haveli,2021,6,12.972952237733333
Dadra & Nagar Haveli,2021,7,25.625649768225806
Dadra & Nagar Haveli,2021,8,11.713505128451613
Dadra & Nagar Haveli,2021,9,36.33424570146667
Dadra & Nagar Haveli,2021,10,3.6041838366774197
Dadra & Nagar Haveli,2021,11,1.9766888954666664
Dadra & Nagar Haveli,2021,12,2.5893387652580646
Dadra & Nagar Haveli,2022,1,0.14315875586206894
Dadra & Nagar Haveli,2022,2,0.0
Dadra & Nagar Haveli,2022,3,0.005281410774193549
Dadra & Nagar Haveli,2022,4,0.0
Dadra & Nagar Haveli,2022,5,0.0
Dadra & Nagar Haveli,2022,6,6.445381323933333
Dadra & Nagar Haveli,2022,7,71.40193641427585
Dadra & Nagar Haveli,2022,8,17.797314196416128
Dadra & Nagar Haveli,2022,9,23.988274439925927
Dadra & Nagar Haveli,2022,10,4.834676145942857
Dadra & Nagar Haveli,2022,11,0.0
Dadra & Nagar Haveli,2022,12,0.005027992417857142
Dadra & Nagar Haveli,2023,1,0.004297387726666667
Dadra & Nagar Haveli,2023,2,0.0025336683074074075
Dadra & Nagar Haveli,2023,3,0.6782860251399999
Dadra & Nagar Haveli,2023,4,0.056214095596666666
Dadra & Nagar Haveli,2023,5,0.1742967473419355
Dadra & Nagar Haveli,2023,6,13.406501651993333
Dadra & Nagar Haveli,2023,7,45.542106733186955
Dadra & Nagar Haveli,2023,8,6.110367698419355
Dadra & Nagar Haveli,2023,9,12.169254012596666
Dadra & Nagar Haveli,2023,10,0.5667957650217391
Dadra & Nagar Haveli,2023,11,1.3765124794266665
Dadra & Nagar Haveli,2023,12,0.0
Daman & Diu,2019,1,0.0
Daman & Diu,2019,2,0.0
Daman & Diu,2019,3,0.0
Daman & Diu,2019,4,0.0
Daman & Diu,2019,5,0.0
Daman & Diu,2019,6,8.640143469816667
Daman & Diu,2019,7,19.952042724064516
Daman & Diu,2019,8,17.983979972500002
Daman & Diu,2019,9,18.911256293466668
Daman & Diu,2019,10,1.2955461182580645
Daman & Diu,2019,11,2.134905793283333
Daman & Diu,2019,12,0.002328320306451613
Daman & Diu,2020,1,0.0
Daman & Diu,2020,2,0.0
Daman & Diu,2020,3,0.0
Daman & Diu,2020,4,0.0
Daman & Diu,2020,5,0.14130424337096772
Daman & Diu,2020,6,4.105660083083333
Daman & Diu,2020,7,11.650367817129032
Daman & Diu,2020,8,0.0
Daman & Diu,2020,9,0.0
Daman & Diu,2020,10,0.01732530858064516
Daman & Diu,2020,11,0.0
Daman & Diu,2020,12,0.0
Daman & Diu,2021,1,0.0530050499032258
Daman & Diu,2021,2,1.7924392857142857e-05
Daman & Diu,2021,3,0.0
Daman & Diu,2021,4,0.021629506983333335
Daman & Diu,2021,5,7.273076402580645
Daman & Diu,2021,6,6.323038723500001
Daman & Diu,2021,7,11.540794070629033
Daman & Diu,2021,8,8.246902252903226
Daman & Diu,2021,9,20.343193542166667
Daman & Diu,2021,10,1.215782787580645
Daman & Diu,2021,11,0.6982207632833333
Daman & Diu,2021,12,2.2602525917419354
Daman & Diu,2022,1,0.3881185260689655
Daman & Diu,2022,2,0.0
Daman & Diu,2022,3,0.006772462870967742
Daman & Diu,2022,4,0.03105300925
Daman & Diu,2022,5,0.008418821193548386
Daman & Diu,2022,6,6.031602205216667
Daman & Diu,2022,7,40.1760911465
Daman & Diu,2022,8,10.724486926654839
Daman & Diu,2022,9,17.060899180475925
Daman & Diu,2022,10,1.357242635275
Daman & Diu,2022,11,0.0
Daman & Diu,2022,12,0.033264495607142855
Daman & Diu,2023,1,0.00299352029
Daman & Diu,2023,2,4.6206296296296295e-07
Daman & Diu,2023,3,0.3513957156083334
Daman & Diu,2023,4,0.19086833549499999
Daman & Diu,2023,5,0.5251608219725806
Daman & Diu,2023,6,11.496043087935
Daman & Diu,2023,7,35.24804606945
Daman & Diu,2023,8,1.3046678603225808
Daman & Diu,2023,9,5.985381832978334
Daman & Diu,2023,10,0.06043876701304347
Daman & Diu,2023,11,1.02281050923
Daman & Diu,2023,12,0.40066159175
Delhi,2019,1,1.0130024243963134
Delhi,2019,2,1.011285103244898
Delhi,2019,3,0.2078140056267281
Delhi,2019,4,0.15430462607142856
Delhi,2019,5,5.867647292199414
Delhi,2019,6,0.29549409915714286
Delhi,2019,7,3.979196611640553
Delhi,2019,8,3.882012450018433
Delhi,2019,9,1.6727671072380954
Delhi,2019,10,0.5666647570368664
Delhi,2019,11,0.06713050172380952
Delhi,2019,12,0.8519438608709677
Delhi,2020,1,0.8958721473963134
Delhi,2020,2,0.046418762049261084
Delhi,2020,3,13.572877053956013
Delhi,2020,4,0.2890787512904762
Delhi,2020,5,15.26899767240176
Delhi,2020,6,1.545861379542857
Delhi,2020,7,4.601106308552995
Delhi,2020,8,0.8958721473963134
Delhi,2020,9,0.6440481484952381
Delhi,2020,10,1.7262548354792626
Delhi,2020,11,0.9257345523095237
Delhi,2020,12,0.5280737507281106
Delhi,2021,1,0.9315480362551319
Delhi,2021,2,0.4975317870422078
Delhi,2021,3,1.658321501143695
Delhi,2021,4,0.38492801470303034
Delhi,2021,5,6.225892608252199
Delhi,2021,6,7.075286831639394
Delhi,2021,7,11.00388062988563
Delhi,2021,8,11.349341100404692
Delhi,2021,9,9.069349234118182
Delhi,2021,10,4.551639739055719
Delhi,2021,11,0.14514703180909092
Delhi,2021,12,0.37706355134017594
Delhi,2022,1,10.061500693670846
Delhi,2022,2,1.5043091035162337
Delhi,2022,3,0.0013944350293255132
Delhi,2022,4,4.275911637260606
Delhi,2022,5,5.568517098815249
Delhi,2022,6,0.9020839571424243
Delhi,2022,7,8.04122953700627
Delhi,2022,8,2.4182476900571848
Delhi,2022,9,7.296901465573738
Delhi,2022,10,3.461458697780844
Delhi,2022,11,0.0024345390034965033
Delhi,2022,12,8.663995779220779e-06
Delhi,2023,1,0.5210637210936364
Delhi,2023,2,0.0036276335016835015
Delhi,2023,3,1.6129977123327273
Delhi,2023,4,0.37180363607363637
Delhi,2023,5,2.4465812841384165
Delhi,2023,6,3.4786225967636364
Delhi,2023,7,10.4358212925834
Delhi,2023,8,2.495469882903519
Delhi,2023,9,3.0346316794272727
Delhi,2023,10,0.30991542285573126
Delhi,2023,11,0.29699426804848483
Delhi,2023,12,0.011059069345454546
Goa,2019,1,0.0
Goa,2019,2,0.0
Goa,2019,3,0.05432163477419354
Goa,2019,4,0.21124684668333332
Goa,2019,5,0.1413327435
Goa,2019,6,22.965093765316666
Goa,2019,7,45.40820766211291
Goa,2019,8,44.93300248598387
Goa,2019,9,22.707564815333335
Goa,2019,10,17.01024472217742
Goa,2019,11,1.1848864453333334
Goa,2019,12,0.03007317301612903
Goa,2020,1,0.005377970564516129
Goa,2020,2,0.0
Goa,2020,3,0.030548608516129033
Goa,2020,4,0.7078994839
Goa,2020,5,1.7161329311451612
Goa,2020,6,31.007314124733334
Goa,2020,7,35.346216087983876
Goa,2020,8,0.0
Goa,2020,9,0.016728306166666665
Goa,2020,10,0.11144937722580645
Goa,2020,11,0.0
Goa,2020,12,0.016188683387096774
Goa,2021,1,0.7218565352903226
Goa,2021,2,0.4354386319107143
Goa,2021,3,0.09590797612903226
Goa,2021,4,2.0841954273
Goa,2021,5,11.035895830596774
Goa,2021,6,33.685652998916666
Goa,2021,7,41.73123277559677
Goa,2021,8,13.228327436725806
Goa,2021,9,20.278605873766665
Goa,2021,10,7.226080886822581
Goa,2021,11,5.914998500249999
Goa,2021,12,2.3400486181129034
Goa,2022,1,0.030332175913793103
Goa,2022,2,0.0
Goa,2022,3,0.2338156442580645
Goa,2022,4,1.27598349405
Goa,2022,5,3.7823117807580644
Goa,2022,6,20.2802288303
Goa,2022,7,50.879909776206894
Goa,2022,8,10.335823635635485
Goa,2022,9,11.232845372072223
Goa,2022,10,7.191708694489286
Goa,2022,11,0.30247374085384615
Goa,2022,12,0.26397194317321426
Goa,2023,1,0.000601717025
Goa,2023,2,6.895716296296297e-05
Goa,2023,3,0.017993517868333333
Goa,2023,4,0.06593672319833334
Goa,2023,5,0.9505159700596775
Goa,2023,6,15.689002317693333
Goa,2023,7,63.04672562281305
Goa,2023,8,7.639880225809677
Goa,2023,9,14.580183965765
Goa,2023,10,3.6996991985108694
Goa,2023,11,2.968622957165
Goa,2023,12,0.008222364175
Gujarat,2019,1,0.0007609857204301075
Gujarat,2019,2,0.010331421136363638
Gujarat,2019,3,0.0
Gujarat,2019,4,0.022071232967676768
Gujarat,2019,5,0.03559115233431085
Gujarat,2019,6,3.608433363348485
Gujarat,2019,7,8.00870799982571
Gujarat,2019,8,15.177154955710655
Gujarat,2019,9,11.482419286462626
Gujarat,2019,10,1.8710645217057675
Gujarat,2019,11,0.573942314519192
Gujarat,2019,12,0.03682932948484848
Gujarat,2020,1,0.0008976496764418377
Gujarat,2020,2,0.0
Gujarat,2020,3,0.05426087071163245
Gujarat,2020,4,0.0043985980989899
Gujarat,2020,5,0.09048248134604106
Gujarat,2020,6,4.3101334813222225
Gujarat,2020,7,7.235865327990909
Gujarat,2020,8,0.0008976496764418377
Gujarat,2020,9,4.5495337373737376e-05
Gujarat,2020,10,0.06898651183870969
Gujarat,2020,11,0.0009275713323232324
Gujarat,2020,12,0.0
Gujarat,2021,1,0.07800378163049854
Gujarat,2021,2,0.005546699472943723
Gujarat,2021,3,0.00022401024633431088
Gujarat,2021,4,0.18092223273535354
Gujarat,2021,5,1.9279256300997067
Gujarat,2021,6,3.883314322229091
Gujarat,2021,7,6.128557829695992
Gujarat,2021,8,2.4324319596868036
Gujarat,2021,9,14.474009391437374
Gujarat,2021,10,0.8149944597575758
Gujarat,2021,11,0.4428524414575758
Gujarat,2021,12,0.5552671316001955
Gujarat,2022,1,0.18493625166039707
Gujarat,2022,2,0.0
Gujarat,2022,3,0.009012372641251222
Gujarat,2022,4,0.0009088949040404041
Gujarat,2022,5,0.0022432272492668623
Gujarat,2022,6,2.475146210719192
Gujarat,2022,7,19.10948456747022
Gujarat,2022,8,8.30160063534829
Gujarat,2022,9,6.5443688921767675
Gujarat,2022,10,1.2418314770930736
Gujarat,2022,11,0.0018627579226107227
Gujarat,2022,12,0.012921809162229436
Gujarat,2023,1,0.05215584335171718
Gujarat,2023,2,0.008238222889337822
Gujarat,2023,3,0.5336390915792929
Gujarat,2023,4,0.2341233326339394
Gujarat,2023,5,0.6501515805926686
Gujarat,2023,6,6.612152939185312
Gujarat,2023,7,16.227277643838043
Gujarat,2023,8,1.1201969054485827
Gujarat,2023,9,7.231636690164848
Gujarat,2023,10,0.10189185852160738
Gujarat,2023,11,0.9685832038190909
Gujarat,2023,12,0.06949839926515151
Haryana,2019,1,0.5690559961011731
Haryana,2019,2,0.9090147138376623
Haryana,2019,3,0.2901220111627566
Haryana,2019,4,0.4635739194515151
Haryana,2019,5,1.7479840903607038
Haryana,2019,6,0.6336342168954545
Haryana,2019,7,5.108496914475073
Haryana,2019,8,3.733349543580645
Haryana,2019,9,1.1736210094454547
Haryana,2019,10,0.26768504028739004
Haryana,2019,11,0.43172079319242423
Haryana,2019,12,0.524709184111437
Haryana,2020,1,1.021234010127566
Haryana,2020,2,0.26381335738401257
Haryana,2020,3,5.521507317366569
Haryana,2020,4,0.36235127089545455
Haryana,2020,5,5.820418977020528
Haryana,2020,6,1.7705816534106062
Haryana,2020,7,4.9384270704076245
Haryana,2020,8,1.0213430002683284
Haryana,2020,9,0.7701118168151515
Haryana,2020,10,1.9967765081319648
Haryana,2020,11,1.055393096619697
Haryana,2020,12,0.5382003818548388
Haryana,2021,1,0.7924735916715542
Haryana,2021,2,0.24210737649188313
Haryana,2021,3,0.14146864112903226
Haryana,2021,4,0.48842967291212125
Haryana,2021,5,1.883424364420821
Haryana,2021,6,1.7441049924424243
Haryana,2021,7,9.082931829479472
Haryana,2021,8,3.2290218358035188
Haryana,2021,9,6.606988612386363
Haryana,2021,10,1.0900276436304985
Haryana,2021,11,0.001058235293939394
Haryana,2021,12,0.09672698957331378
Haryana,2022,1,4.800343182658307
Haryana,2022,2,0.7939579713392858
Haryana,2022,3,0.024533665204692086
Haryana,2022,4,0.012460375804545456
Haryana,2022,5,1.2929367250557184
Haryana,2022,6,1.370277968699394
Haryana,2022,7,7.30449442010815
Haryana,2022,8,3.485185760279912
Haryana,2022,9,5.6473533235969695
Haryana,2022,10,1.5874401247383116
Haryana,2022,11,0.0875466031083916
Haryana,2022,12,0.0015981655918831169
Haryana,2023,1,0.4869570395336364
Haryana,2023,2,0.023878852817845117
Haryana,2023,3,1.3700301369903032
Haryana,2023,4,0.7559944444759091
Haryana,2023,5,2.4063711179595306
Haryana,2023,6,3.483283381603788
Haryana,2023,7,10.695215801145652
Haryana,2023,8,2.664010888612317
Haryana,2023,9,1.5656378766966668
Haryana,2023,10,0.5560094947444664
Haryana,2023,11,0.30502579835515153
Haryana,2023,12,1.344248052815909
Himachal Pradesh,2019,1,2.6969058075835775
Himachal Pradesh,2019,2,6.6391565508116885
Himachal Pradesh,2019,3,2.1436995037419355
Himachal Pradesh,2019,4,1.2259400088030303
Himachal Pradesh,2019,5,2.289604759596774
Himachal Pradesh,2019,6,1.8515865314939395
Himachal Pradesh,2019,7,7.76843782924047
Himachal Pradesh,2019,8,10.491159787868035
Himachal Pradesh,2019,9,3.644086351818182
Himachal Pradesh,2019,10,0.7633674111378299
Himachal Pradesh,2019,11,1.6075289045454546
Himachal Pradesh,2019,12,1.5590839232521994
Himachal Pradesh,2020,1,3.982472971762463
Himachal Pradesh,2020,2,0.4832498640062696
Himachal Pradesh,2020,3,7.03003662147043
Himachal Pradesh,2020,4,1.910893158278788
Himachal Pradesh,2020,5,6.259711447354839
Himachal Pradesh,2020,6,2.53951808550303
Himachal Pradesh,2020,7,5.077690325815249
Himachal Pradesh,2020,8,3.9782248888739002
Himachal Pradesh,2020,9,0.8566708521090909
Himachal Pradesh,2020,10,5.014980499008798
Himachal Pradesh,2020,11,4.149109989081818
Himachal Pradesh,2020,12,0.747374050824047
Himachal Pradesh,2021,1,1.0331172976612903
Himachal Pradesh,2021,2,0.7193356697559524
Himachal Pradesh,2021,3,1.0749599383951614
Himachal Pradesh,2021,4,4.295383142808333
Himachal Pradesh,2021,5,2.4086612176317206
Himachal Pradesh,2021,6,3.2311499326055557
Himachal Pradesh,2021,7,10.092945579413978
Himachal Pradesh,2021,8,5.319159403556452
Himachal Pradesh,2021,9,6.176615326705555
Himachal Pradesh,2021,10,1.9193797147284946
Himachal Pradesh,2021,11,0.030369876469444446
Himachal Pradesh,2021,12,0.5169469813844085
Himachal Pradesh,2022,1,7.923977169635057
Himachal Pradesh,2022,2,2.4177891699107144
Himachal Pradesh,2022,3,0.23449166870430108
Himachal Pradesh,2022,4,0.2522644922266667
Himachal Pradesh,2022,5,2.0106740568126344
Himachal Pradesh,2022,6,2.5743764779555556
Himachal Pradesh,2022,7,9.716358331020114
Himachal Pradesh,2022,8,8.01486408210672
Himachal Pradesh,2022,9,4.770299411784876
Himachal Pradesh,2022,10,1.5202011980244048
Himachal Pradesh,2022,11,0.6798645613153846
Himachal Pradesh,2022,12,0.13692885291071427
Himachal Pradesh,2023,1,1.4294895447811111
Himachal Pradesh,2023,2,0.8640398961506174
Himachal Pradesh,2023,3,2.376896580979722
Himachal Pradesh,2023,4,3.2884290332433332
Himachal Pradesh,2023,5,4.070125082820968
Himachal Pradesh,2023,6,4.162203328214666
Himachal Pradesh,2023,7,17.423221322198696
Himachal Pradesh,2023,8,10.206564051877956
Himachal Pradesh,2023,9,2.074504834461111
Himachal Pradesh,2023,10,1.3315760458224637
Himachal Pradesh,2023,11,0.4008544689563889
Himachal Pradesh,2023,12,2.0686679904625
Jammu & Kashmir,2019,1,4.403462922092375
Jammu & Kashmir,2019,2,7.47042544713961
Jammu & Kashmir,2019,3,2.725433771989736
Jammu & Kashmir,2019,4,1.987370719978788
Jammu & Kashmir,2019,5,5.817907785165689
Jammu & Kashmir,2019,6,3.229043194919697
Jammu & Kashmir,2019,7,5.9613115114354835
Jammu & Kashmir,2019,8,7.46467149892522
Jammu & Kashmir,2019,9,1.7703175214787878
Jammu & Kashmir,2019,10,1.05792537327566
Jammu & Kashmir,2019,11,6.095814708889394
Jammu & Kashmir,2019,12,2.9284786034765395
Jammu & Kashmir,2020,1,5.4474470305381235
Jammu & Kashmir,2020,2,0.8318960097978058
Jammu & Kashmir,2020,3,8.84451902240176
Jammu & Kashmir,2020,4,2.9681812318333334
Jammu & Kashmir,2020,5,13.604920572089442
Jammu & Kashmir,2020,6,1.9406140135166665
Jammu & Kashmir,2020,7,2.635634223038123
Jammu & Kashmir,2020,8,5.283228294422287
Jammu & Kashmir,2020,9,1.1731441786727272
Jammu & Kashmir,2020,10,6.177029755439882
Jammu & Kashmir,2020,11,5.637430223204545
Jammu & Kashmir,2020,12,1.0296455614926687
Jammu & Kashmir,2021,1,4.1259868469164225
Jammu & Kashmir,2021,2,1.509158145405844
Jammu & Kashmir,2021,3,4.152941335891495
Jammu & Kashmir,2021,4,6.211514811710606
Jammu & Kashmir,2021,5,2.3753909056994136
Jammu & Kashmir,2021,6,1.6124520984424242
Jammu & Kashmir,2021,7,7.553425766080646
Jammu & Kashmir,2021,8,2.53731754242522
Jammu & Kashmir,2021,9,2.9018321967666667
Jammu & Kashmir,2021,10,3.7685483311217007
Jammu & Kashmir,2021,11,0.1042899777848485
Jammu & Kashmir,2021,12,0.633724833271261
Jammu & Kashmir,2022,1,6.1882251445376175
Jammu & Kashmir,2022,2,3.303919466982143
Jammu & Kashmir,2022,3,1.8883192861451612
Jammu & Kashmir,2022,4,0.9754725023330304
Jammu & Kashmir,2022,5,2.559288103642375
Jammu & Kashmir,2022,6,3.799676517225758
Jammu & Kashmir,2022,7,7.017361077275862
Jammu & Kashmir,2022,8,5.843167639590029
Jammu & Kashmir,2022,9,1.6554387921454545
Jammu & Kashmir,2022,10,1.7246740009375
Jammu & Kashmir,2022,11,5.133730120434616
Jammu & Kashmir,2022,12,0.3617943500537338
Jammu & Kashmir,2023,1,2.231722370871515
Jammu & Kashmir,2023,2,1.2455994681976432
Jammu & Kashmir,2023,3,1.7209569790431818
Jammu & Kashmir,2023,4,4.341075692159697
Jammu & Kashmir,2023,5,4.755686537844575
Jammu & Kashmir,2023,6,3.0185269721933334
Jammu & Kashmir,2023,7,7.55006564534664
Jammu & Kashmir,2023,8,2.347805575070528
Jammu & Kashmir,2023,9,1.3306476323233334
Jammu & Kashmir,2023,10,3.489834751816996
Jammu & Kashmir,2023,11,1.2386719191263638
Jammu & Kashmir,2023,12,3.5061930300545456
Jharkhand,2019,1,0.032982921520161294
Jharkhand,2019,2,1.1423597102619047
Jharkhand,2019,3,0.5574015389637097
Jharkhand,2019,4,1.328767089988889
Jharkhand,2019,5,4.167491313380376
Jharkhand,2019,6,2.986936142173611
Jharkhand,2019,7,8.320609654717742
Jharkhand,2019,8,7.830011574548387
Jharkhand,2019,9,9.454318886555557
Jharkhand,2019,10,4.376037636663979
Jharkhand,2019,11,0.013558300375
Jharkhand,2019,12,0.3279003655981183
Jharkhand,2020,1,0.7589917390443548
Jharkhand,2020,2,0.4550629911206897
Jharkhand,2020,3,3.271388294360215
Jharkhand,2020,4,1.9386267385041667
Jharkhand,2020,5,5.842001068693548
Jharkhand,2020,6,7.239522206458333
Jharkhand,2020,7,7.682933698368279
Jharkhand,2020,8,0.41771691913306447
Jharkhand,2020,9,0.7230155877291666
Jharkhand,2020,10,2.556498405989247
Jharkhand,2020,11,0.46147665302916663
Jharkhand,2020,12,0.5337979252567204
Jharkhand,2021,1,0.024575415448924734
Jharkhand,2021,2,0.054061650925595235
Jharkhand,2021,3,0.2522338053373656
Jharkhand,2021,4,0.8855296207319444
Jharkhand,2021,5,7.427580452346774
Jharkhand,2021,6,9.567575098881944
Jharkhand,2021,7,10.316784017926075
Jharkhand,2021,8,7.044589679063172
Jharkhand,2021,9,8.46833104919861
Jharkhand,2021,10,3.8792990075241933
Jharkhand,2021,11,0.7141402087694445
Jharkhand,2021,12,0.6770062109422043
Jharkhand,2022,1,1.5544479189913794
Jharkhand,2022,2,1.7294684777440477
Jharkhand,2022,3,0.05343213231854839
Jharkhand,2022,4,0.1471317354986111
Jharkhand,2022,5,2.723069933640726
Jharkhand,2022,6,3.1731505096541666
Jharkhand,2022,7,4.697299534661925
Jharkhand,2022,8,7.970721134792877
Jharkhand,2022,9,7.674832025912037
Jharkhand,2022,10,3.1574303910413692
Jharkhand,2022,11,0.001304950430448718
Jharkhand,2022,12,0.005762876078273809
Jharkhand,2023,1,0.00030054131222222223
Jharkhand,2023,2,0.00033820670231481483
Jharkhand,2023,3,1.236320787861111
Jharkhand,2023,4,0.8385367506498611
Jharkhand,2023,5,0.9019634280151881
Jharkhand,2023,6,3.6985554500202777
Jharkhand,2023,7,6.342197442684783
Jharkhand,2023,8,7.74269555550121
Jharkhand,2023,9,8.544830039735
Jharkhand,2023,10,1.2491830371539854
Jharkhand,2023,11,0.06986632417750001
Jharkhand,2023,12,0.16174327368958333
Karnataka,2019,1,0.06840899409032258
Karnataka,2019,2,0.19526757830357144
Karnataka,2019,3,0.10701286945698925
Karnataka,2019,4,1.0418012152966667
Karnataka,2019,5,4.3290757436978495
Karnataka,2019,6,4.417875578412223
Karnataka,2019,7,7.099780998867741
Karnataka,2019,8,11.429508584584946
Karnataka,2019,9,7.525205677284444
Karnataka,2019,10,8.52047716304086
Karnataka,2019,11,0.9997276851777779
Karnataka,2019,12,0.42556063747741935
Karnataka,2020,1,0.0150183343
Karnataka,2020,2,0.01575182235505747
Karnataka,2020,3,0.3748085906387097
Karnataka,2020,4,1.7757051721877777
Karnataka,2020,5,7.041435219735484
Karnataka,2020,6,6.076801592285555
Karnataka,2020,7,7.882978471827957
Karnataka,2020,8,0.0009577439096774193
Karnataka,2020,9,0.10470620997988889
Karnataka,2020,10,0.18666553063118277
Karnataka,2020,11,0.0011825025377777778
Karnataka,2020,12,0.09836709465688172
Karnataka,2021,1,0.9084857830118279
Karnataka,2021,2,0.5397334385642858
Karnataka,2021,3,0.0874616346172043
Karnataka,2021,4,2.9500466128222222
Karnataka,2021,5,3.971694284619355
Karnataka,2021,6,6.9256764260066666
Karnataka,2021,7,9.818349606247311
Karnataka,2021,8,5.701624017032258
Karnataka,2021,9,5.177397806487667
Karnataka,2021,10,6.519945956520431
Karnataka,2021,11,6.006559224932222
Karnataka,2021,12,0.6370657625096774
Karnataka,2022,1,0.03594260612413793
Karnataka,2022,2,0.00109792705
Karnataka,2022,3,0.6193479274634409
Karnataka,2022,4,2.0433316195894444
Karnataka,2022,5,6.09654653313
Karnataka,2022,6,4.821805821873333
Karnataka,2022,7,11.871855896638737
Karnataka,2022,8,10.182179913104193
Karnataka,2022,9,5.86042193839037
Karnataka,2022,10,6.2496334001591665
Karnataka,2022,11,1.0025290830041027
Karnataka,2022,12,0.9141836938844047
Karnataka,2023,1,0.03711668051322222
Karnataka,2023,2,0.009763898624444444
Karnataka,2023,3,0.3257319495124731
Karnataka,2023,4,0.9621031485783333
Karnataka,2023,5,3.234121689282473
Karnataka,2023,6,2.698128344858444
Karnataka,2023,7,9.46002195962116
Karnataka,2023,8,1.508453337367957
Karnataka,2023,9,4.874240980202
Karnataka,2023,10,2.0709276051598025
Karnataka,2023,11,2.345277727003778
Karnataka,2023,12,0.6830521359433334
Kerala,2019,1,0.032040382177419356
Kerala,2019,2,0.4976799650510204
Kerala,2019,3,0.5363975606935484
Kerala,2019,4,3.1703508116238095
Kerala,2019,5,3.5065366687903228
Kerala,2019,6,9.20619885957619
Kerala,2019,7,14.959359217527648
Kerala,2019,8,29.135108318361752
Kerala,2019,9,14.00146910002381
Kerala,2019,10,13.59525886895622
Kerala,2019,11,4.196937502464286
Kerala,2019,12,1.457352390158986
Kerala,2020,1,0.16742476379493088
Kerala,2020,2,0.09455179085960591
Kerala,2020,3,1.351382209845622
Kerala,2020,4,3.805268091354762
Kerala,2020,5,16.218503821525346
Kerala,2020,6,14.032736324433333
Kerala,2020,7,11.64354947920507
Kerala,2020,8,0.14933548310829495
Kerala,2020,9,0.38792665327619047
Kerala,2020,10,1.0985451160875577
Kerala,2020,11,0.15333743793333332
Kerala,2020,12,0.2904762182211982
Kerala,2021,1,3.493870401601382
Kerala,2021,2,0.4177127496326531
Kerala,2021,3,1.5549385372557603
Kerala,2021,4,6.901693133707143
Kerala,2021,5,15.818411425700459
Kerala,2021,6,12.61253762567619
Kerala,2021,7,17.479307125785713
Kerala,2021,8,12.043776777207373
Kerala,2021,9,10.05739860997381
Kerala,2021,10,17.216946203619816
Kerala,2021,11,13.21197900482381
Kerala,2021,12,1.6877016107419356
Kerala,2022,1,0.3231259877463054
Kerala,2022,2,0.3870396923418367
Kerala,2022,3,2.200043644214286
Kerala,2022,4,6.610754790171428
Kerala,2022,5,11.149104615297235
Kerala,2022,6,8.285416456645239
Kerala,2022,7,23.116230284743843
Kerala,2022,8,15.255730344391935
Kerala,2022,9,6.458802578451323
Kerala,2022,10,6.721773574418113
Kerala,2022,11,7.737122361643956
Kerala,2022,12,3.250693176903572
Kerala,2023,1,0.38665617515166667
Kerala,2023,2,0.11870723099153441
Kerala,2023,3,1.2262874914944701
Kerala,2023,4,3.1057900979730952
Kerala,2023,5,5.746906371475346
Kerala,2023,6,7.269210027493333
Kerala,2023,7,19.87484013998168
Kerala,2023,8,1.8662955459569124
Kerala,2023,9,12.976296499475001
Kerala,2023,10,11.415361645534524
Kerala,2023,11,9.049934637080952
Kerala,2023,12,3.044596438164286
Ladakh,2019,1,1.4038360737419355
Ladakh,2019,2,4.023364066071428
Ladakh,2019,3,0.8886027232580644
Ladakh,2019,4,0.5655434117333333
Ladakh,2019,5,2.057872338564516
Ladakh,2019,6,0.9303211687833333
Ladakh,2019,7,2.158998229451613
Ladakh,2019,8,7.782932335225807
Ladakh,2019,9,1.1194718918833333
Ladakh,2019,10,0.5233731338064517
Ladakh,2019,11,2.2648249041833335
Ladakh,2019,12,1.1124483747258065
Ladakh,2020,1,4.304567171354839
Ladakh,2020,2,0.28635237618965514
Ladakh,2020,3,4.475579018935484
Ladakh,2020,4,0.9348973247833333
Ladakh,2020,5,2.305852753951613
Ladakh,2020,6,0.98058266585
Ladakh,2020,7,1.460364417733871
Ladakh,2020,8,4.158814593645161
Ladakh,2020,9,0.37358366693333334
Ladakh,2020,10,1.976828999919355
Ladakh,2020,11,4.449036591583334
Ladakh,2020,12,0.3199954895645161
Ladakh,2021,1,0.9375567182741936
Ladakh,2021,2,0.6334936387142857
Ladakh,2021,3,1.369966675919355
Ladakh,2021,4,3.484370017116667
Ladakh,2021,5,0.7791219388225806
Ladakh,2021,6,0.40861665765
Ladakh,2021,7,3.188537758032258
Ladakh,2021,8,1.560838995564516
Ladakh,2021,9,1.6150728372666667
Ladakh,2021,10,1.1598283588387097
Ladakh,2021,11,0.03732514223333334
Ladakh,2021,12,0.23273079775806452
Ladakh,2022,1,1.9358744463965518
Ladakh,2022,2,1.5280712921071429
Ladakh,2022,3,1.3044799730483871
Ladakh,2022,4,0.26647564475
Ladakh,2022,5,0.8223078439677419
Ladakh,2022,6,1.2382799108
Ladakh,2022,7,3.5248235346206895
Ladakh,2022,8,0.817367172266129
Ladakh,2022,9,0.2914622435777778
Ladakh,2022,10,0.4640353260607143
Ladakh,2022,11,3.8998611725769234
Ladakh,2022,12,0.9799950125178573
Ladakh,2023,1,1.9301628102633333
Ladakh,2023,2,0.6608189571981482
Ladakh,2023,3,0.7112571496916666
Ladakh,2023,4,2.5558656470566663
Ladakh,2023,5,2.3500097076258064
Ladakh,2023,6,0.5683712055316666
Ladakh,2023,7,2.227250127578261
Ladakh,2023,8,0.6620288848016129
Ladakh,2023,9,0.28118908269166665
Ladakh,2023,10,1.3677891080804347
Ladakh,2023,11,0.6982042418316666
Ladakh,2023,12,1.84201028305
Lakshadweep,2019,1,0.0
Lakshadweep,2019,2,0.0
Lakshadweep,2019,3,0.0
Lakshadweep,2019,4,0.0
Lakshadweep,2019,5,2.3703848766451614
Lakshadweep,2019,6,0.0
Lakshadweep,2019,7,0.0
Lakshadweep,2019,8,0.0
Lakshadweep,2019,9,0.0
Lakshadweep,2019,10,0.0
Lakshadweep,2019,11,0.0
Lakshadweep,2019,12,0.0
Lakshadweep,2020,1,0.0
Lakshadweep,2020,2,0.0
Lakshadweep,2020,3,0.0
Lakshadweep,2020,4,0.0
Lakshadweep,2020,5,0.0
Lakshadweep,2020,6,0.0
Lakshadweep,2020,7,0.0
Lakshadweep,2020,8,0.0
Lakshadweep,2020,9,0.0
Lakshadweep,2020,10,0.0
Lakshadweep,2020,11,0.0
Lakshadweep,2020,12,0.0
Lakshadweep,2021,1,0.0
Lakshadweep,2021,2,0.0
Lakshadweep,2021,3,0.0
Lakshadweep,2021,4,0.0
Lakshadweep,2021,5,0.0
Lakshadweep,2021,6,0.0
Lakshadweep,2021,7,0.0
Lakshadweep,2021,8,0.0
Lakshadweep,2021,9,0.0
Lakshadweep,2021,10,0.0
Lakshadweep,2021,11,0.0
Lakshadweep,2021,12,0.0
Lakshadweep,2022,1,0.0
Lakshadweep,2022,2,0.0
Lakshadweep,2022,3,0.0
Lakshadweep,2022,4,0.0
Lakshadweep,2022,5,0.0
Lakshadweep,2022,6,0.0
Lakshadweep,2022,7,0.0
Lakshadweep,2022,8,0.0
Lakshadweep,2022,9,0.0
Lakshadweep,2022,10,0.0
Lakshadweep,2022,11,0.0
Lakshadweep,2022,12,0.0
Lakshadweep,2023,1,0.0
Lakshadweep,2023,2,0.0
Lakshadweep,2023,3,0.0
Lakshadweep,2023,4,0.0
Lakshadweep,2023,5,0.0
Lakshadweep,2023,6,0.0
Lakshadweep,2023,7,0.0
Lakshadweep,2023,8,0.0
Lakshadweep,2023,9,0.0
Lakshadweep,2023,10,0.0
Lakshadweep,2023,11,0.0
Lakshadweep,2023,12,0.0
Madhya Pradesh,2019,1,0.19319817202109182
Madhya Pradesh,2019,2,0.2715478901483517
Madhya Pradesh,2019,3,0.21428077659243175
Madhya Pradesh,2019,4,0.245248976699359
Madhya Pradesh,2019,5,0.22912121012096773
Madhya Pradesh,2019,6,2.348474987921795
Madhya Pradesh,2019,7,11.295492208623635
Madhya Pradesh,2019,8,15.100016599796525
Madhya Pradesh,2019,9,14.094376323421155
Madhya Pradesh,2019,10,1.4125160127487593
Madhya Pradesh,2019,11,0.20924734950128207
Madhya Pradesh,2019,12,0.23419298704404468
Madhya Pradesh,2020,1,0.6158717821619106
Madhya Pradesh,2020,2,0.27891165602785145
Madhya Pradesh,2020,3,1.0111891697382134
Madhya Pradesh,2020,4,0.21227488458333335
Madhya Pradesh,2020,5,1.4065696055074441
Madhya Pradesh,2020,6,6.790849899277564
Madhya Pradesh,2020,7,5.33747212308933
Madhya Pradesh,2020,8,0.36122846306327544
Madhya Pradesh,2020,9,0.3566718845410256
Madhya Pradesh,2020,10,0.8274158568630894
Madhya Pradesh,2020,11,0.35391122440192313
Madhya Pradesh,2020,12,0.3310143529385856
Madhya Pradesh,2021,1,0.1128241325825062
Madhya Pradesh,2021,2,0.2030817756407967
Madhya Pradesh,2021,3,0.22537942566997518
Madhya Pradesh,2021,4,0.305051580500641
Madhya Pradesh,2021,5,1.8076034633908187
Madhya Pradesh,2021,6,5.462952672703206
Madhya Pradesh,2021,7,8.877070469530397
Madhya Pradesh,2021,8,8.464422522386476
Madhya Pradesh,2021,9,8.05361514998205
Madhya Pradesh,2021,10,1.8499287068387098
Madhya Pradesh,2021,11,0.15729764896474357
Madhya Pradesh,2021,12,0.41187460180769225
Madhya Pradesh,2022,1,1.4099231881558354
Madhya Pradesh,2022,2,0.10309777502403845
Madhya Pradesh,2022,3,0.16101288093380892
Madhya Pradesh,2022,4,0.0024718601352564104
Madhya Pradesh,2022,5,0.2758481856355459
Madhya Pradesh,2022,6,4.087307602369871
Madhya Pradesh,2022,7,12.965430553065385
Madhya Pradesh,2022,8,12.994332747633871
Madhya Pradesh,2022,9,7.0480880116163815
Madhya Pradesh,2022,10,3.710859595642651
Madhya Pradesh,2022,11,0.02849222943372781
Madhya Pradesh,2022,12,0.032184023381318684
Madhya Pradesh,2023,1,0.15344689032307693
Madhya Pradesh,2023,2,0.033527853078205126
Madhya Pradesh,2023,3,0.8215523722149358
Madhya Pradesh,2023,4,0.8343417820241666
Madhya Pradesh,2023,5,1.164812627525124
Madhya Pradesh,2023,6,4.790610132940192
Madhya Pradesh,2023,7,10.945905148259532
Madhya Pradesh,2023,8,5.858219839443734
Madhya Pradesh,2023,9,8.198604951864487
Madhya Pradesh,2023,10,0.12050931911605352
Madhya Pradesh,2023,11,0.7462561630821154
Madhya Pradesh,2023,12,3.407022160183654
Maharashtra,2019,1,0.1256829276434176
Maharashtra,2019,2,0.03033756789285714
Maharashtra,2019,3,0.05966726782911944
Maharashtra,2019,4,0.1375035294837838
Maharashtra,2019,5,0.10516610366039426
Maharashtra,2019,6,5.925476415590992
Maharashtra,2019,7,17.236945571010462
Maharashtra,2019,8,13.706308203755015
Maharashtra,2019,9,13.230022390564864
Maharashtra,2019,10,5.0297795656826505
Maharashtra,2019,11,0.7434062893513513
Maharashtra,2019,12,0.08267221602964255
Maharashtra,2020,1,0.23305546390235396
Maharashtra,2020,2,0.10559961519664492
Maharashtra,2020,3,0.7616265915842294
Maharashtra,2020,4,0.2970366531342342
Maharashtra,2020,5,2.1711215980035843
Maharashtra,2020,6,8.926928387279279
Maharashtra,2020,7,10.862006020979075
Maharashtra,2020,8,0.07493682804882303
Maharashtra,2020,9,0.1323366238828829
Maharashtra,2020,10,0.6611453104341761
Maharashtra,2020,11,0.07328977811441441
Maharashtra,2020,12,0.1377940028482999
Maharashtra,2021,1,0.23357715281630823
Maharashtra,2021,2,0.25468913649007935
Maharashtra,2021,3,0.2129095161344086
Maharashtra,2021,4,0.6851039666888888
Maharashtra,2021,5,2.292273207324373
Maharashtra,2021,6,10.577049034016666
Maharashtra,2021,7,15.000721592431004
Maharashtra,2021,8,6.392007813353943
Maharashtra,2021,9,12.851006293030556
Maharashtra,2021,10,2.7112133418413977
Maharashtra,2021,11,0.9022837103861111
Maharashtra,2021,12,1.0588695502912187
Maharashtra,2022,1,0.22618619916283525
Maharashtra,2022,2,0.007219961259920635
Maharashtra,2022,3,0.09886705736200717
Maharashtra,2022,4,0.15016383117518517
Maharashtra,2022,5,0.2471219015785842
Maharashtra,2022,6,5.916945823339814
Maharashtra,2022,7,21.0535099209454
Maharashtra,2022,8,10.458660500289337
Maharashtra,2022,9,10.65055107402212
Maharashtra,2022,10,4.950093630034226
Maharashtra,2022,11,0.003538020296794872
Maharashtra,2022,12,0.039681599201488095
Maharashtra,2023,1,0.006042824744629629
Maharashtra,2023,2,0.006851467941769547
Maharashtra,2023,3,0.44759490798509255
Maharashtra,2023,4,1.0929363920973147
Maharashtra,2023,5,0.8063613195785843
Maharashtra,2023,6,4.46988712944963
Maharashtra,2023,7,17.345408506062803
Maharashtra,2023,8,3.5598072458157706
Maharashtra,2023,9,8.415706073842593
Maharashtra,2023,10,0.4488165743167874
Maharashtra,2023,11,1.2207124914653704
Maharashtra,2023,12,1.5800093036027778
Manipur,2019,1,0.024309878108870968
Manipur,2019,2,0.5141407736339285
Manipur,2019,3,0.8896429359153226
Manipur,2019,4,1.9166898616916666
Manipur,2019,5,7.288378358002015
Manipur,2019,6,3.9825362592312503
Manipur,2019,7,5.385682831326613
Manipur,2019,8,4.180455427582662
Manipur,2019,9,6.878073782808333
Manipur,2019,10,4.113282527280242
Manipur,2019,11,1.0466085459249999
Manipur,2019,12,0.2572104970907258
Manipur,2020,1,1.3014904293407257
Manipur,2020,2,0.35938951748491377
Manipur,2020,3,0.5292540242540323
Manipur,2020,4,3.2603215221562496
Manipur,2020,5,6.352218370294355
Manipur,2020,6,6.670179484025
Manipur,2020,7,6.558908238959678
Manipur,2020,8,0.3135769157842742
Manipur,2020,9,0.40385784215208337
Manipur,2020,10,0.622747641939516
Manipur,2020,11,1.2125866558937501
Manipur,2020,12,0.36827030223387097
Manipur,2021,1,0.17327085175201612
Manipur,2021,2,0.0008214319598214285
Manipur,2021,3,1.4783696543508065
Manipur,2021,4,3.4064583090520832
Manipur,2021,5,4.128307471840726
Manipur,2021,6,4.586822700454166
Manipur,2021,7,5.027963212481855
Manipur,2021,8,8.00264849007258
Manipur,2021,9,2.9831525236145833
Manipur,2021,10,2.061445335217742
Manipur,2021,11,0.005274550587499999
Manipur,2021,12,1.6987786907782259
Manipur,2022,1,1.412205272747845
Manipur,2022,2,1.4642742591339286
Manipur,2022,3,0.6896448803669355
Manipur,2022,4,4.66267180454625
Manipur,2022,5,10.352225770032863
Manipur,2022,6,9.274443492625
Manipur,2022,7,6.089346990384483
Manipur,2022,8,7.829759198330242
Manipur,2022,9,3.1864954241039354
Manipur,2022,10,2.8700098612299105
Manipur,2022,11,0.04876821194182693
Manipur,2022,12,0.1006684099578125
Manipur,2023,1,0.029118550422708334
Manipur,2023,2,0.05024435850509259
Manipur,2023,3,1.182660312628125
Manipur,2023,4,2.288368026686042
Manipur,2023,5,2.525183131669153
Manipur,2023,6,6.468040687605
Manipur,2023,7,5.666311914357338
Manipur,2023,8,5.070786214688912
Manipur,2023,9,4.6785074558987505
Manipur,2023,10,1.201408552684239
Manipur,2023,11,2.912168733775625
Manipur,2023,12,0.02336532625
Meghalaya,2019,1,0.014431219501466277
Meghalaya,2019,2,1.0039032760811688
Meghalaya,2019,3,1.0037494066070383
Meghalaya,2019,4,7.702055538700001
Meghalaya,2019,5,17.061216641246332
Meghalaya,2019,6,24.31272878102121
Meghalaya,2019,7,35.98358142560997
Meghalaya,2019,8,10.286308421865103
Meghalaya,2019,9,15.754598640378786
Meghalaya,2019,10,10.555402650718475
Meghalaya,2019,11,0.7371998244121212
Meghalaya,2019,12,0.045909132826979476
Meghalaya,2020,1,0.41428745783577714
Meghalaya,2020,2,0.848410558952978
Meghalaya,2020,3,0.8027381395835776
Meghalaya,2020,4,9.124131085472726
Meghalaya,2020,5,18.39939520570088
Meghalaya,2020,6,37.25249541667273
Meghalaya,2020,7,40.43147351043402
Meghalaya,2020,8,0.12711515219061584
Meghalaya,2020,9,1.4406980088575758
Meghalaya,2020,10,0.7192751347214076
Meghalaya,2020,11,0.32391880144848484
Meghalaya,2020,12,0.8827156244868034
Meghalaya,2021,1,0.06775720498533724
Meghalaya,2021,2,0.05603563470454546
Meghalaya,2021,3,1.8455218906715543
Meghalaya,2021,4,9.427746131954546
Meghalaya,2021,5,16.738011164615834
Meghalaya,2021,6,32.05104280028788
Meghalaya,2021,7,17.872993730442815
Meghalaya,2021,8,32.21466414522287
Meghalaya,2021,9,6.008430015836363
Meghalaya,2021,10,6.88393410985044
Meghalaya,2021,11,0.008162698227272726
Meghalaya,2021,12,0.3287796234750733
Meghalaya,2022,1,1.6450895845956113
Meghalaya,2022,2,1.7977645625551946
Meghalaya,2022,3,1.3959754888035192
Meghalaya,2022,4,20.03458862686788
Meghalaya,2022,5,34.663836776739004
Meghalaya,2022,6,30.51895093141212
Meghalaya,2022,7,11.247430221344828
Meghalaya,2022,8,8.241723376543401
Meghalaya,2022,9,8.74730113126128
Meghalaya,2022,10,11.319793586266558
Meghalaya,2022,11,0.09641527979090908
Meghalaya,2022,12,0.04139847460292208
Meghalaya,2023,1,0.003476972514545454
Meghalaya,2023,2,0.09631534093063973
Meghalaya,2023,3,2.7166561443475756
Meghalaya,2023,4,4.78309048473909
Meghalaya,2023,5,4.8273157447
Meghalaya,2023,6,29.698369993561208
Meghalaya,2023,7,18.479324073836757
Meghalaya,2023,8,12.296044663727567
Meghalaya,2023,9,6.979727429294848
Meghalaya,2023,10,2.6892170335928856
Meghalaya,2023,11,0.7499296164012121
Meghalaya,2023,12,0.04393421798181818
Mizoram,2019,1,0.0019611481290322578
Mizoram,2019,2,0.9294379015848214
Mizoram,2019,3,0.6970093571653225
Mizoram,2019,4,2.1713116876958334
Mizoram,2019,5,11.846706661576613
Mizoram,2019,6,9.916127930083332
Mizoram,2019,7,18.438298731528224
Mizoram,2019,8,8.21416935003629
Mizoram,2019,9,7.9782481213750005
Mizoram,2019,10,2.991240832778226
Mizoram,2019,11,1.1137315372666667
Mizoram,2019,12,0.12618539446370966
Mizoram,2020,1,1.3228099981048387
Mizoram,2020,2,0.20944899834913794
Mizoram,2020,3,0.05070477147580645
Mizoram,2020,4,3.5269091159375
Mizoram,2020,5,9.854019234556452
Mizoram,2020,6,7.325911914745833
Mizoram,2020,7,10.798328737209676
Mizoram,2020,8,0.3375802272258065
Mizoram,2020,9,0.23318405308333334
Mizoram,2020,10,0.146579062625
Mizoram,2020,11,1.2800746318
Mizoram,2020,12,0.1964035214233871
Mizoram,2021,1,0.14352947648790323
Mizoram,2021,2,0.0
Mizoram,2021,3,0.7680450790645161
Mizoram,2021,4,0.9367475295541666
Mizoram,2021,5,5.340237314415323
Mizoram,2021,6,10.27778650195
Mizoram,2021,7,11.99688276246371
Mizoram,2021,8,11.897909239729838
Mizoram,2021,9,9.511618257775
Mizoram,2021,10,3.9841289898306456
Mizoram,2021,11,0.9800190390541667
Mizoram,2021,12,1.8892679316653225
Mizoram,2022,1,0.8506184333318966
Mizoram,2022,2,2.1267648297857145
Mizoram,2022,3,0.30313139738709677
Mizoram,2022,4,1.9681738539416667
Mizoram,2022,5,10.789964385963708
Mizoram,2022,6,8.195466587641667
Mizoram,2022,7,11.714066627793104
Mizoram,2022,8,7.644258503717742
Mizoram,2022,9,5.831422852547685
Mizoram,2022,10,6.162753758802679
Mizoram,2022,11,0.0430432403375
Mizoram,2022,12,0.08674178143616072
Mizoram,2023,1,0.0019293242145833334
Mizoram,2023,2,0.016239417325925924
Mizoram,2023,3,1.71374178668
Mizoram,2023,4,3.0211868000691666
Mizoram,2023,5,4.236815719786694
Mizoram,2023,6,9.427209222686251
Mizoram,2023,7,7.878753250801086
Mizoram,2023,8,6.471282380856452
Mizoram,2023,9,9.132184354467084
Mizoram,2023,10,3.9688131455858695
Mizoram,2023,11,5.128685719645
Mizoram,2023,12,0.0021621791875
Nagaland,2019,1,0.09662327519354838
Nagaland,2019,2,0.621291796961039
Nagaland,2019,3,2.1916135325982404
Nagaland,2019,4,4.020196788124243
Nagaland,2019,5,6.581868800164224
Nagaland,2019,6,5.169973573618182
Nagaland,2019,7,7.37241136646041
Nagaland,2019,8,6.849657766938416
Nagaland,2019,9,8.844916364784849
Nagaland,2019,10,6.353709931052786
Nagaland,2019,11,0.7511502761212121
Nagaland,2019,12,0.2196352747272727
Nagaland,2020,1,1.09243553556305
Nagaland,2020,2,0.5857211412131661
Nagaland,2020,3,2.071068257076246
Nagaland,2020,4,4.75778033079697
Nagaland,2020,5,6.22121655757478
Nagaland,2020,6,7.8809910784090915
Nagaland,2020,7,7.267106705762464
Nagaland,2020,8,0.5998154585131964
Nagaland,2020,9,0.6755475227575758
Nagaland,2020,10,0.4107313744627566
Nagaland,2020,11,1.0971637222545454
Nagaland,2020,12,0.6571408559266863
Nagaland,2021,1,0.16226358663636362
Nagaland,2021,2,0.02002812707142857
Nagaland,2021,3,0.998330998914956
Nagaland,2021,4,2.7574691220636365
Nagaland,2021,5,3.883212440217302
Nagaland,2021,6,7.374826796121515
Nagaland,2021,7,7.0361396674888566
Nagaland,2021,8,7.574228369909091
Nagaland,2021,9,3.744218902661212
Nagaland,2021,10,2.655249488883871
Nagaland,2021,11,0.0654149881030303
Nagaland,2021,12,0.3460776333607038
Nagaland,2022,1,2.136199105586207
Nagaland,2022,2,1.9877245349512986
Nagaland,2022,3,0.7240073628035191
Nagaland,2022,4,5.827947825457879
Nagaland,2022,5,5.815962877748388
Nagaland,2022,6,9.086806788727273
Nagaland,2022,7,8.428134597436049
Nagaland,2022,8,7.147826847214663
Nagaland,2022,9,5.244407694845791
Nagaland,2022,10,3.3982972729892857
Nagaland,2022,11,0.05080111024335664
Nagaland,2022,12,0.21056782923603895
Nagaland,2023,1,0.004974347249393939
Nagaland,2023,2,0.14756386429966328
Nagaland,2023,3,1.7634526305575757
Nagaland,2023,4,2.355802930991515
Nagaland,2023,5,2.818320725601173
Nagaland,2023,6,10.651975963558055
Nagaland,2023,7,12.660593926324637
Nagaland,2023,8,9.258423408819061
Nagaland,2023,9,5.5024382794684845
Nagaland,2023,10,1.101656608467589
Nagaland,2023,11,1.7314882788509092
Nagaland,2023,12,0.1948429845909091
Odisha,2019,1,0.02608576277096774
Odisha,2019,2,0.7683189284321429
Odisha,2019,3,0.8009257736172044
Odisha,2019,4,1.2320799142766665
Odisha,2019,5,6.522256579088172
Odisha,2019,6,4.766136484358889
Odisha,2019,7,9.016446917284947
Odisha,2019,8,13.486791028803227
Odisha,2019,9,11.68048110246
Odisha,2019,10,6.178661501777419
Odisha,2019,11,0.7106774252355555
Odisha,2019,12,0.0646416167860215
Odisha,2020,1,0.5175333270419356
Odisha,2020,2,1.6418366111551723
Odisha,2020,3,2.874794464447312
Odisha,2020,4,3.759927442748889
Odisha,2020,5,7.919892974958064
Odisha,2020,6,7.575290613057778
Odisha,2020,7,6.391764120652689
Odisha,2020,8,0.18796751141290322
Odisha,2020,9,1.775547965768889
Odisha,2020,10,1.8449649466225806
Odisha,2020,11,0.4210012911411111
Odisha,2020,12,1.6065883540784947
Odisha,2021,1,0.04648148242258065
Odisha,2021,2,0.06941806424761905
Odisha,2021,3,0.14724191288172045
Odisha,2021,4,1.6961980854955556
Odisha,2021,5,6.135504013908602
Odisha,2021,6,5.991718706766667
Odisha,2021,7,8.646345350526882
Odisha,2021,8,6.234631800506452
Odisha,2021,9,13.678861486184445
Odisha,2021,10,2.881356747023656
Odisha,2021,11,1.9371339007866666
Odisha,2021,12,2.0321865314688172
Odisha,2022,1,1.5501049912310345
Odisha,2022,2,0.44706023386547616
Odisha,2022,3,0.06381820503645162
Odisha,2022,4,0.33218211546344445
Odisha,2022,5,2.5475262419933333
Odisha,2022,6,4.696110255465555
Odisha,2022,7,12.347988448132185
Odisha,2022,8,14.334725171878818
Odisha,2022,9,6.6338608817899996
Odisha,2022,10,4.805860986828334
Odisha,2022,11,0.07180162018435897
Odisha,2022,12,0.0972554179297619
Odisha,2023,1,0.010626216408444444
Odisha,2023,2,0.010544787696543208
Odisha,2023,3,1.9253606316437777
Odisha,2023,4,2.1025663204347778
Odisha,2023,5,1.7491682767851613
Odisha,2023,6,5.305271669575445
Odisha,2023,7,10.034942589745652
Odisha,2023,8,9.394170858386236
Odisha,2023,9,10.423511585292001
Odisha,2023,10,0.9891996726136232
Odisha,2023,11,0.2879510488213334
Odisha,2023,12,0.005645454406666666
Puducherry,2019,1,0.042050125556451615
Puducherry,2019,2,0.08183762769642856
Puducherry,2019,3,0.14842739833870966
Puducherry,2019,4,0.743783194925
Puducherry,2019,5,4.59390747233871
Puducherry,2019,6,6.172678071458334
Puducherry,2019,7,11.543806606991936
Puducherry,2019,8,15.903898578637097
Puducherry,2019,9,8.815292856283332
Puducherry,2019,10,10.765111396919355
Puducherry,2019,11,5.718975680191666
Puducherry,2019,12,5.212421721629032
Puducherry,2020,1,0.28880884291129033
Puducherry,2020,2,0.1170929618275862
Puducherry,2020,3,0.6680328693306452
Puducherry,2020,4,1.18529099705
Puducherry,2020,5,31.192469313637094
Puducherry,2020,6,11.265406547941666
Puducherry,2020,7,9.20173048408871
Puducherry,2020,8,0.18162823880645163
Puducherry,2020,9,0.10358799093333333
Puducherry,2020,10,0.22438746913709676
Puducherry,2020,11,0.19282176100833331
Puducherry,2020,12,0.1445023378387097
Puducherry,2021,1,4.694430811677419
Puducherry,2021,2,1.9526868240446427
Puducherry,2021,3,0.39193548387096777
Puducherry,2021,4,15.909535200308333
Puducherry,2021,5,5.1762803567499995
Puducherry,2021,6,5.5264598671
Puducherry,2021,7,9.168546272475806
Puducherry,2021,8,7.526377762129033
Puducherry,2021,9,7.926123422825
Puducherry,2021,10,10.751085309008065
Puducherry,2021,11,19.891693529616663
Puducherry,2021,12,1.4918923962096775
Puducherry,2022,1,2.4680661005689655
Puducherry,2022,2,0.7929525365714285
Puducherry,2022,3,0.7908936685241935
Puducherry,2022,4,1.872432285075
Puducherry,2022,5,5.374162045879033
Puducherry,2022,6,6.5499666383325
Puducherry,2022,7,11.12634536225
Puducherry,2022,8,7.7410601469032265
Puducherry,2022,9,5.634588287629629
Puducherry,2022,10,5.2587289142071425
Puducherry,2022,11,9.807332717351922
Puducherry,2022,12,2.9722638193205357
Puducherry,2023,1,0.0858754814725
Puducherry,2023,2,0.8278342387083334
Puducherry,2023,3,1.3736278094616665
Puducherry,2023,4,0.9509710316558333
Puducherry,2023,5,3.260903052645968
Puducherry,2023,6,4.881509501055834
Puducherry,2023,7,12.102463854265215
Puducherry,2023,8,2.0458199721903223
Puducherry,2023,9,7.273044614758334
Puducherry,2023,10,2.298539363478261
Puducherry,2023,11,11.020235960853334
Puducherry,2023,12,7.0529576916875
Punjab,2019,1,1.0914284661568916
Punjab,2019,2,2.9725897520795455
Punjab,2019,3,0.364333195872434
Punjab,2019,4,0.8586777816075758
Punjab,2019,5,1.6793110277038124
Punjab,2019,6,0.9576426056151515
Punjab,2019,7,6.79939443373607
Punjab,2019,8,6.1739431881495594
Punjab,2019,9,2.83475162345
Punjab,2019,10,0.25512025038416425
Punjab,2019,11,0.7746670187181819
Punjab,2019,12,1.0544036939061583
Punjab,2020,1,1.6179012284222873
Punjab,2020,2,0.30996503874294673
Punjab,2020,3,4.569772005677419
Punjab,2020,4,0.6443817787878787
Punjab,2020,5,4.810432498042522
Punjab,2020,6,2.0603894167348487
Punjab,2020,7,5.0664504927888565
Punjab,2020,8,1.6179231569134898
Punjab,2020,9,0.4936181118469697
Punjab,2020,10,2.76354802105132
Punjab,2020,11,1.6718948512227274
Punjab,2020,12,0.44730166557478007
Punjab,2021,1,0.41713381776246333
Punjab,2021,2,0.16538687080194803
Punjab,2021,3,0.26392955154252196
Punjab,2021,4,1.5210848993924242
Punjab,2021,5,0.8483404841143695
Punjab,2021,6,2.0760644410848483
Punjab,2021,7,7.436610606002932
Punjab,2021,8,2.874954628994135
Punjab,2021,9,5.678005570913636
Punjab,2021,10,1.2427987234882698
Punjab,2021,11,0.00804859575
Punjab,2021,12,0.01164526388856305
Punjab,2022,1,6.758960531068966
Punjab,2022,2,1.028649163862013
Punjab,2022,3,0.07183836108944282
Punjab,2022,4,0.013949038768181819
Punjab,2022,5,0.7960028304246334
Punjab,2022,6,1.363244968880303
Punjab,2022,7,8.686582460916615
Punjab,2022,8,3.1024622414497065
Punjab,2022,9,3.431830329579293
Punjab,2022,10,0.45007838595064936
Punjab,2022,11,0.08045660331783216
Punjab,2022,12,0.01631508377288961
Punjab,2023,1,0.5760776814393939
Punjab,2023,2,0.05163252901801347
Punjab,2023,3,1.2728587580372728
Punjab,2023,4,1.503401365439091
Punjab,2023,5,2.7149926151658357
Punjab,2023,6,3.0280177524222727
Punjab,2023,7,13.392244093348815
Punjab,2023,8,2.228710074746334
Punjab,2023,9,2.059724328258182
Punjab,2023,10,1.3398901938134387
Punjab,2023,11,0.4222754473507576
Punjab,2023,12,1.8250559799909092
Rajasthan,2019,1,0.19959266742504744
Rajasthan,2019,2,0.09973011827626051
Rajasthan,2019,3,0.04575664038785578
Rajasthan,2019,4,0.4682289433794118
Rajasthan,2019,5,1.1173704596109482
Rajasthan,2019,6,1.9613017736745098
Rajasthan,2019,7,7.304371251370019
Rajasthan,2019,8,9.88307941179981
Rajasthan,2019,9,5.7320640108019605
Rajasthan,2019,10,0.8569971345683113
Rajasthan,2019,11,0.33733547109705886
Rajasthan,2019,12,0.13516196554364326
Rajasthan,2020,1,0.1755831699886148
Rajasthan,2020,2,0.013299046736308315
Rajasthan,2020,3,0.9249991160537634
Rajasthan,2020,4,0.16628781235784315
Rajasthan,2020,5,1.8256179484076247
Rajasthan,2020,6,2.2834911584617648
Rajasthan,2020,7,3.328074257505313
Rajasthan,2020,8,0.1749638637817837
Rajasthan,2020,9,0.0926502671
Rajasthan,2020,10,0.59771063343074
Rajasthan,2020,11,0.18079599257450982
Rajasthan,2020,12,0.05966446415370019
Rajasthan,2021,1,0.41010446950048873
Rajasthan,2021,2,0.005475398097402597
Rajasthan,2021,3,0.09719409654154447
Rajasthan,2021,4,0.1616440458111111
Rajasthan,2021,5,1.808344591020528
Rajasthan,2021,6,1.8750649481010102
Rajasthan,2021,7,5.588503405701857
Rajasthan,2021,8,6.236659113745846
Rajasthan,2021,9,6.369628801752525
Rajasthan,2021,10,0.9735780631652003
Rajasthan,2021,11,0.45309720036464646
Rajasthan,2021,12,0.20314636957966764
Rajasthan,2022,1,1.056214549708464
Rajasthan,2022,2,0.04398490103030303
Rajasthan,2022,3,0.14278251431280548
Rajasthan,2022,4,0.004477943825252525
Rajasthan,2022,5,0.23059619480000002
Rajasthan,2022,6,2.006747486409091
Rajasthan,2022,7,9.906498495480042
Rajasthan,2022,8,7.71934755970176
Rajasthan,2022,9,2.818933100244444
Rajasthan,2022,10,1.7765851843522729
Rajasthan,2022,11,0.10979998691002332
Rajasthan,2022,12,0.0018331847516233765
Rajasthan,2023,1,0.5385872586473737
Rajasthan,2023,2,0.04382481016352413
Rajasthan,2023,3,0.8103363890127273
Rajasthan,2023,4,0.5384682017251515
Rajasthan,2023,5,1.7991902833059628
Rajasthan,2023,6,5.129512747224118
Rajasthan,2023,7,7.54769245941087
Rajasthan,2023,8,1.8673418601654936
Rajasthan,2023,9,3.281419256931919
Rajasthan,2023,10,0.1392918606894598
Rajasthan,2023,11,0.6381650614034343
Rajasthan,2023,12,0.1376473173651515
Sikkim,2019,1,0.35414653157258064
Sikkim,2019,2,2.158072783946429
Sikkim,2019,3,4.834096492459677
Sikkim,2019,4,6.544040975133333
Sikkim,2019,5,3.439312382733871
Sikkim,2019,6,16.01640164855
Sikkim,2019,7,22.371622126185482
Sikkim,2019,8,12.312012967975807
Sikkim,2019,9,14.3877237395
Sikkim,2019,10,3.162575332032258
Sikkim,2019,11,0.15953750380833334
Sikkim,2019,12,0.642678949532258
Sikkim,2020,1,1.5941861095645162
Sikkim,2020,2,0.9170637913017241
Sikkim,2020,3,1.179527041645161
Sikkim,2020,4,7.4222477897833325
Sikkim,2020,5,3.458323678080645
Sikkim,2020,6,20.936395147208334
Sikkim,2020,7,22.421038523475804
Sikkim,2020,8,0.8261097071209678
Sikkim,2020,9,2.391980789541667
Sikkim,2020,10,3.557112928153226
Sikkim,2020,11,1.6469952521083333
Sikkim,2020,12,1.9669596875322581
Sikkim,2021,1,0.7163483802016128
Sikkim,2021,2,1.2372277765892858
Sikkim,2021,3,4.409587083967742
Sikkim,2021,4,6.13545755845
Sikkim,2021,5,11.920726531959678
Sikkim,2021,6,18.119076158875
Sikkim,2021,7,15.333088484725806
Sikkim,2021,8,20.02245674923387
Sikkim,2021,9,10.938599261608333
Sikkim,2021,10,8.698303800556452
Sikkim,2021,11,0.399154337475
Sikkim,2021,12,0.8175232784435484
Sikkim,2022,1,1.6005749571293104
Sikkim,2022,2,3.0781786877857145
Sikkim,2022,3,1.6317004876532257
Sikkim,2022,4,11.752979477333334
Sikkim,2022,5,12.584123289967742
Sikkim,2022,6,11.260783641375001
Sikkim,2022,7,12.969014334999999
Sikkim,2022,8,6.971572585128226
Sikkim,2022,9,7.308808417228704
Sikkim,2022,10,3.405031131894643
Sikkim,2022,11,0.19981017926153846
Sikkim,2022,12,0.018330245207142857
Sikkim,2023,1,0.10525659200916666
Sikkim,2023,2,1.1581663888805556
Sikkim,2023,3,3.1025835550808334
Sikkim,2023,4,4.558915417656666
Sikkim,2023,5,4.859340911768548
Sikkim,2023,6,18.514582414160834
Sikkim,2023,7,18.47759234832174
Sikkim,2023,8,11.235591453637902
Sikkim,2023,9,4.499811414781666
Sikkim,2023,10,2.251061428026087
Sikkim,2023,11,0.17445220738
Sikkim,2023,12,0.8352745058125
Tamil Nadu,2019,1,0.05724225301307759
Tamil Nadu,2019,2,0.09218630744111969
Tamil Nadu,2019,3,0.10140108499825631
Tamil Nadu,2019,4,0.4869003132387388
Tamil Nadu,2019,5,2.6587227157611157
Tamil Nadu,2019,6,0.9268890237711712
Tamil Nadu,2019,7,2.07372287099041
Tamil Nadu,2019,8,4.137764933972101
Tamil Nadu,2019,9,5.841100624718019
Tamil Nadu,2019,10,7.3181525758762
Tamil Nadu,2019,11,4.460891230282884
Tamil Nadu,2019,12,3.975232809163034
Tamil Nadu,2020,1,0.3924270888387097
Tamil Nadu,2020,2,0.04382052858620689
Tamil Nadu,2020,3,0.39448274433478636
Tamil Nadu,2020,4,0.9713153618180179
Tamil Nadu,2020,5,4.265040153299912
Tamil Nadu,2020,6,1.753069600581982
Tamil Nadu,2020,7,3.677039106884046
Tamil Nadu,2020,8,0.20948589609938972
Tamil Nadu,2020,9,0.06310815667477478
Tamil Nadu,2020,10,0.2495583382755013
Tamil Nadu,2020,11,0.2171701535063063
Tamil Nadu,2020,12,0.05622656267654751
Tamil Nadu,2021,1,4.8467947425972095
Tamil Nadu,2021,2,0.47737603673455603
Tamil Nadu,2021,3,0.22382086335745421
Tamil Nadu,2021,4,1.9363400298135136
Tamil Nadu,2021,5,2.3066191843522232
Tamil Nadu,2021,6,1.8584780869558557
Tamil Nadu,2021,7,3.925921768875327
Tamil Nadu,2021,8,3.0451925968578903
Tamil Nadu,2021,9,3.8954673776639637
Tamil Nadu,2021,10,7.3408579045536175
Tamil Nadu,2021,11,15.783149848186486
Tamil Nadu,2021,12,2.003739206940715
Tamil Nadu,2022,1,0.7502310721304752
Tamil Nadu,2022,2,0.3744497251534749
Tamil Nadu,2022,3,0.43856429102789884
Tamil Nadu,2022,4,2.0277079357383783
Tamil Nadu,2022,5,2.558108750317437
Tamil Nadu,2022,6,2.5406618759855855
Tamil Nadu,2022,7,4.006294634387046
Tamil Nadu,2022,8,5.211815370959285
Tamil Nadu,2022,9,3.049827119191792
Tamil Nadu,2022,10,5.2991541980560815
Tamil Nadu,2022,11,8.697371150873181
Tamil Nadu,2022,12,3.8866884980931466
Tamil Nadu,2023,1,0.16083248384720722
Tamil Nadu,2023,2,0.5150190371340341
Tamil Nadu,2023,3,1.0629070512519616
Tamil Nadu,2023,4,1.5118769526754954
Tamil Nadu,2023,5,3.8314971028756757
Tamil Nadu,2023,6,1.9293747657262963
Tamil Nadu,2023,7,2.12177808029843
Tamil Nadu,2023,8,2.9228975019021797
Tamil Nadu,2023,9,5.1674152759121625
Tamil Nadu,2023,10,3.6691502378664413
Tamil Nadu,2023,11,7.419682132662523
Tamil Nadu,2023,12,5.390929002504054
Telangana,2019,1,0.836930692601173
Telangana,2019,2,0.057189374445887446
Telangana,2019,3,0.07587780335288367
Telangana,2019,4,0.5532930779515152
Telangana,2019,5,1.5793922410136854
Telangana,2019,6,3.0713466075616163
Telangana,2019,7,7.484055916231671
Telangana,2019,8,8.882122290347018
Telangana,2019,9,8.484380326761617
Telangana,2019,10,5.619494852887585
Telangana,2019,11,0.24341449997272727
Telangana,2019,12,0.09346222370087977
Telangana,2020,1,0.19733331263636364
Telangana,2020,2,0.30865824500731454
Telangana,2020,3,1.0999641397820137
Telangana,2020,4,0.698662382789899
Telangana,2020,5,3.8297116525307917
Telangana,2020,6,5.981526876190909
Telangana,2020,7,8.415171579761486
Telangana,2020,8,0.012637628106549365
Telangana,2020,9,0.30782120967171717
Telangana,2020,10,0.6312438041055718
Telangana,2020,11,0.09487321204141413
Telangana,2020,12,0.29765488775757576
Telangana,2021,1,0.05003493469501466
Telangana,2021,2,0.08296789420238096
Telangana,2021,3,0.0036888363714565006
Telangana,2021,4,1.1549368855878788
Telangana,2021,5,1.3143808920772238
Telangana,2021,6,6.683939282465657
Telangana,2021,7,11.743655676195504
Telangana,2021,8,6.1149831276891495
Telangana,2021,9,9.57864989779596
Telangana,2021,10,1.92654976486217
Telangana,2021,11,1.193917962039394
Telangana,2021,12,0.05294107637243402
Telangana,2022,1,1.0512096012089864
Telangana,2022,2,0.00023228052489177487
Telangana,2022,3,0.09637872429618768
Telangana,2022,4,0.20822348044
Telangana,2022,5,1.2064965879808407
Telangana,2022,6,5.290364893309091
Telangana,2022,7,18.669113012561336
Telangana,2022,8,8.509260356672335
Telangana,2022,9,7.9932479754867565
Telangana,2022,10,4.357099087753247
Telangana,2022,11,0.03264907996177156
Telangana,2022,12,0.18631867624166665
Telangana,2023,1,0.030572186354646463
Telangana,2023,2,0.0027013190624017957
Telangana,2023,3,1.5583233377410102
Telangana,2023,4,1.8901609195074747
Telangana,2023,5,2.36286925837566
Telangana,2023,6,2.343418231444902
Telangana,2023,7,13.520751350134656
Telangana,2023,8,2.530626060025318
Telangana,2023,9,7.367520288727677
Telangana,2023,10,0.09554558338023715
Telangana,2023,11,0.5672818177725253
Telangana,2023,12,0.0059630055590909085
Tripura,2019,1,0.0028191809637096773
Tripura,2019,2,1.5268250282008928
Tripura,2019,3,1.2356181418185483
Tripura,2019,4,6.363550116283333
Tripura,2019,5,15.491257917733872
Tripura,2019,6,9.709526832158334
Tripura,2019,7,19.73385305989113
Tripura,2019,8,8.457397434181452
Tripura,2019,9,8.8090761329125
Tripura,2019,10,5.579700051645161
Tripura,2019,11,1.8391147244208335
Tripura,2019,12,0.18725023843548386
Tripura,2020,1,1.0485442148024193
Tripura,2020,2,0.08645382368103448
Tripura,2020,3,0.20077540800403226
Tripura,2020,4,7.011740382079167
Tripura,2020,5,14.229294960487902
Tripura,2020,6,14.028394554591667
Tripura,2020,7,11.192078892455644
Tripura,2020,8,0.13151392758870967
Tripura,2020,9,0.19403037332083334
Tripura,2020,10,0.17462585695564514
Tripura,2020,11,1.0031867395083334
Tripura,2020,12,0.17687053217741935
Tripura,2021,1,0.2082217661169355
Tripura,2021,2,0.0
Tripura,2021,3,1.5118809533185482
Tripura,2021,4,1.5073454985125
Tripura,2021,5,6.282582932717742
Tripura,2021,6,9.503951219629165
Tripura,2021,7,11.60647995403629
Tripura,2021,8,11.153595465346774
Tripura,2021,9,7.913605965158334
Tripura,2021,10,4.056347643858871
Tripura,2021,11,0.6167277253166666
Tripura,2021,12,3.1666785690080648
Tripura,2022,1,0.7702658741422413
Tripura,2022,2,0.8079401726383928
Tripura,2022,3,0.7075701359637097
Tripura,2022,4,3.9708819392708334
Tripura,2022,5,13.331883143846774
Tripura,2022,6,12.287804652816668
Tripura,2022,7,8.28065982411207
Tripura,2022,8,6.8207248264245965
Tripura,2022,9,10.246345781828241
Tripura,2022,10,11.82988307722634
Tripura,2022,11,0.024448837215384617
Tripura,2022,12,0.08641838064910713
Tripura,2023,1,0.00103456035625
Tripura,2023,2,0.12964446346342592
Tripura,2023,3,2.3917031013533334
Tripura,2023,4,2.77394016703
Tripura,2023,5,3.710166582751613
Tripura,2023,6,12.971587135930001
Tripura,2023,7,10.952122583625
Tripura,2023,8,8.659524517396372
Tripura,2023,9,11.62303683999375
Tripura,2023,10,2.672630028263587
Tripura,2023,11,4.641338734692083
Tripura,2023,12,0.0
Uttar Pradesh,2019,1,0.46773064254010466
Uttar Pradesh,2019,2,0.9344845500188224
Uttar Pradesh,2019,3,0.16267827579686137
Uttar Pradesh,2019,4,0.20729970685405405
Uttar Pradesh,2019,5,0.489360584888172
Uttar Pradesh,2019,6,1.4488502151013514
Uttar Pradesh,2019,7,9.987663547325631
Uttar Pradesh,2019,8,5.687117219989102
Uttar Pradesh,2019,9,7.48024449845991
Uttar Pradesh,2019,10,0.6052631266996512
Uttar Pradesh,2019,11,0.1711445057301802
Uttar Pradesh,2019,12,0.8348471660457716
Uttar Pradesh,2020,1,1.0441332655562336
Uttar Pradesh,2020,2,0.4383978222278658
Uttar Pradesh,2020,3,2.276260181339355
Uttar Pradesh,2020,4,0.5512831935004504
Uttar Pradesh,2020,5,3.5083229071427957
Uttar Pradesh,2020,6,4.750154089316216
Uttar Pradesh,2020,7,6.5648821122637315
Uttar Pradesh,2020,8,0.960467287086312
Uttar Pradesh,2020,9,0.5972463329833334
Uttar Pradesh,2020,10,1.2808572092000872
Uttar Pradesh,2020,11,1.020265244090991
Uttar Pradesh,2020,12,0.5166871537397558
Uttar Pradesh,2021,1,0.21638310008688175
Uttar Pradesh,2021,2,0.07948143980714285
Uttar Pradesh,2021,3,0.023396380369462365
Uttar Pradesh,2021,4,0.37463390018488885
Uttar Pradesh,2021,5,3.442617866781505
Uttar Pradesh,2021,6,5.585087551483555
Uttar Pradesh,2021,7,7.392101936238279
Uttar Pradesh,2021,8,7.14517317859914
Uttar Pradesh,2021,9,5.727050465072
Uttar Pradesh,2021,10,3.2267819493548386
Uttar Pradesh,2021,11,0.01386732845422222
Uttar Pradesh,2021,12,0.18053811226189248
Uttar Pradesh,2022,1,3.7705461759305745
Uttar Pradesh,2022,2,0.6455031003752381
Uttar Pradesh,2022,3,0.007023817270666667
Uttar Pradesh,2022,4,0.012580277410666668
Uttar Pradesh,2022,5,0.8287962522221075
Uttar Pradesh,2022,6,1.9817586893597778
Uttar Pradesh,2022,7,4.556380009818667
Uttar Pradesh,2022,8,6.472694718175355
Uttar Pradesh,2022,9,7.654817026949975
Uttar Pradesh,2022,10,5.879384906470095
Uttar Pradesh,2022,11,0.02312818124605128
Uttar Pradesh,2022,12,0.0034819375273809523
Uttar Pradesh,2023,1,0.27875597884404446
Uttar Pradesh,2023,2,0.10272374386750617
Uttar Pradesh,2023,3,0.8792348514029777
Uttar Pradesh,2023,4,0.5520750811245333
Uttar Pradesh,2023,5,1.4757402453212043
Uttar Pradesh,2023,6,2.7113205596784233
Uttar Pradesh,2023,7,9.305510196828966
Uttar Pradesh,2023,8,6.57276983400658
Uttar Pradesh,2023,9,4.065611157023867
Uttar Pradesh,2023,10,0.4127266687807536
Uttar Pradesh,2023,11,0.1308113406951111
Uttar Pradesh,2023,12,0.7476471629293333
Uttarakhand,2019,1,2.4587782810918113
Uttarakhand,2019,2,4.513562413420329
Uttarakhand,2019,3,1.1584767061513648
Uttarakhand,2019,4,1.5831857875333333
Uttarakhand,2019,5,1.1844493835210919
Uttarakhand,2019,6,3.048148332194872
Uttarakhand,2019,7,9.591872438679902
Uttarakhand,2019,8,12.547705134359802
Uttarakhand,2019,9,8.644719080741027
Uttarakhand,2019,10,0.9515955060918114
Uttarakhand,2019,11,0.7605435869538462
Uttarakhand,2019,12,1.8257906107990076
Uttarakhand,2020,1,4.171827540970224
Uttarakhand,2020,2,1.4043225988938992
Uttarakhand,2020,3,3.6576541357915633
Uttarakhand,2020,4,1.628207362851282
Uttarakhand,2020,5,6.097149344841191
Uttarakhand,2020,6,5.442753493661538
Uttarakhand,2020,7,10.003046660129034
Uttarakhand,2020,8,4.060867044612903
Uttarakhand,2020,9,1.614196378879487
Uttarakhand,2020,10,3.5462710331315135
Uttarakhand,2020,11,4.203993139710256
Uttarakhand,2020,12,1.5495228887543424
Uttarakhand,2021,1,0.8908035905533498
Uttarakhand,2021,2,0.534057343978022
Uttarakhand,2021,3,0.3709510654615385
Uttarakhand,2021,4,2.8350696563948716
Uttarakhand,2021,5,6.191359728818859
Uttarakhand,2021,6,9.86782023756923
Uttarakhand,2021,7,12.285689971957815
Uttarakhand,2021,8,10.51800849198511
Uttarakhand,2021,9,6.662149053641025
Uttarakhand,2021,10,7.6317871792704715
Uttarakhand,2021,11,0.06327117035897437
Uttarakhand,2021,12,0.5045271521612903
Uttarakhand,2022,1,4.952952905551724
Uttarakhand,2022,2,1.8678907094642856
Uttarakhand,2022,3,0.09591129690074442
Uttarakhand,2022,4,0.2921918840105128
Uttarakhand,2022,5,3.1955840147545906
Uttarakhand,2022,6,3.7566796600128205
Uttarakhand,2022,7,12.759620908437665
Uttarakhand,2022,8,8.65310223424814
Uttarakhand,2022,9,7.1173942990535615
Uttarakhand,2022,10,5.517082485689011
Uttarakhand,2022,11,0.5947042243710059
Uttarakhand,2022,12,0.02685238855604396
Uttarakhand,2023,1,1.0242191597264103
Uttarakhand,2023,2,0.8902298455467237
Uttarakhand,2023,3,2.0028668077323077
Uttarakhand,2023,4,2.191127439604872
Uttarakhand,2023,5,3.277976739458809
Uttarakhand,2023,6,5.50025451861
Uttarakhand,2023,7,18.774641867565887
Uttarakhand,2023,8,10.369917239718115
Uttarakhand,2023,9,4.143067046935128
Uttarakhand,2023,10,0.6962019926394649
Uttarakhand,2023,11,0.12541129697846154
Uttarakhand,2023,12,0.19304205432307692
West Bengal,2019,1,0.004403523552594671
West Bengal,2019,2,2.4213357009177017
West Bengal,2019,3,1.2741076346217393
West Bengal,2019,4,2.70000811084
West Bengal,2019,5,5.949668192628331
West Bengal,2019,6,6.744996024650724
West Bengal,2019,7,14.213253300946704
West Bengal,2019,8,9.605410318802244
West Bengal,2019,9,11.288771567582609
West Bengal,2019,10,4.707459642952315
West Bengal,2019,11,1.5473243137086956
West Bengal,2019,12,0.2760699674403927
West Bengal,2020,1,0.7759799359859747
West Bengal,2020,2,0.38623819585607194
West Bengal,2020,3,1.8288916651346423
West Bengal,2020,4,3.231293569714493
West Bengal,2020,5,13.534283046241235
West Bengal,2020,6,14.749782778597101
West Bengal,2020,7,15.716963445107854
West Bengal,2020,8,0.31905686187657784
West Bengal,2020,9,0.834330076105797
West Bengal,2020,10,1.5183411991697056
West Bengal,2020,11,0.5689421133652174
West Bengal,2020,12,0.6851585120504909
West Bengal,2021,1,0.058478687568022436
West Bengal,2021,2,0.08762979614130435
West Bengal,2021,3,0.4006166097545582
West Bengal,2021,4,4.016126749031884
West Bengal,2021,5,8.541247450589761
West Bengal,2021,6,13.24114462073913
West Bengal,2021,7,13.294131829941936
West Bengal,2021,8,12.75226769829972
West Bengal,2021,9,11.579969074218841
West Bengal,2021,10,6.018634937687238
West Bengal,2021,11,0.546205027347826
West Bengal,2021,12,1.4750269621346423
West Bengal,2022,1,1.3217754791754124
West Bengal,2022,2,1.5166488171692547
West Bengal,2022,3,0.24584213138008415
West Bengal,2022,4,2.8686773415227536
West Bengal,2022,5,6.710348256938569
West Bengal,2022,6,10.742861235968116
West Bengal,2022,7,7.927184553464917
West Bengal,2022,8,9.830756712762692
West Bengal,2022,9,9.858682373616265
West Bengal,2022,10,5.34835599905295
West Bengal,2022,11,0.02629513243244147
West Bengal,2022,12,0.006387842084006211
West Bengal,2023,1,0.009888426203768116
West Bengal,2023,2,0.0871301229169082
West Bengal,2023,3,2.4461686873504345
West Bengal,2023,4,1.6889152924398552
West Bengal,2023,5,3.0823513288734925
West Bengal,2023,6,10.970712399267827
West Bengal,2023,7,10.956054493514177
West Bengal,2023,8,11.205628117635063
West Bengal,2023,9,9.41980145907768
West Bengal,2023,10,2.2483445688527413
West Bengal,2023,11,0.15662063060594203
West Bengal,2023,12,0.005626689793478261
